LINE,X,Y,LSYMB
1,-76418.36,6611013.71,101
1,-76418.36,6611063.71,101
1,-76418.36,6611113.71,101
1,-76418.36,6611163.71,101
1,-76418.36,6611213.71,101
1,-76418.36,6611263.71,101
1,-76418.36,6611313.71,101
1,-76418.36,6611363.71,101
1,-76418.36,6611413.71,101
1,-76418.36,6611463.71,101
1,-76418.36,6611513.71,101
1,-76418.36,6611563.71,101
1,-76418.36,6611613.71,101
1,-76418.36,6611663.71,101
1,-76418.36,6611713.71,101
1,-76418.36,6611763.71,101
1,-76418.36,6611813.71,101
1,-76418.36,6611863.71,101
1,-76418.36,6611913.71,101
1,-76418.36,6611963.71,101
1,-76418.36,6612013.71,101
1,-76418.36,6612063.71,101
1,-76418.36,6612113.71,101
1,-76418.36,6612163.71,101
1,-76418.36,6612213.71,101
1,-76418.36,6612263.71,101
1,-76418.36,6612313.71,101
1,-76418.36,6612363.71,101
1,-76418.36,6612413.71,101
1,-76418.36,6612463.71,101
1,-76418.36,6612513.71,101
1,-76418.36,6612563.71,101
1,-76418.36,6612613.71,101
1,-76418.36,6612663.71,101
1,-76418.36,6612713.71,101
1,-76418.36,6612763.71,101
1,-76418.36,6612813.71,101
1,-76418.36,6612863.71,101
1,-76418.36,6612913.71,101
1,-76418.36,6612963.71,101
1,-76418.36,6613013.71,101
1,-76418.36,6613063.71,101
1,-76418.36,6613113.71,101
1,-76418.36,6613163.71,101
1,-76418.36,6613213.71,101
1,-76418.36,6613263.71,101
1,-76418.36,6613313.71,101
1,-76418.36,6613363.71,101
1,-76418.36,6613413.71,101
1,-76418.36,6613463.71,101
1,-76418.36,6613513.71,101
1,-76418.36,6613563.71,101
1,-76418.36,6613613.71,101
1,-76418.36,6613663.71,101
1,-76418.36,6613713.71,101
1,-76418.36,6613763.71,101
1,-76418.36,6613813.71,101
1,-76418.36,6613863.71,101
1,-76418.36,6613913.71,101
1,-76418.36,6613963.71,101
1,-76418.36,6614013.71,101
1,-76418.36,6614063.71,101
1,-76418.36,6614113.71,101
1,-76418.36,6614163.71,101
1,-76418.36,6614213.71,101
1,-76418.36,6614263.71,101
1,-76418.36,6614313.71,101
1,-76418.36,6614363.71,101
1,-76418.36,6614413.71,101
1,-76418.36,6614463.71,101
1,-76418.36,6614513.71,101
1,-76418.36,6614563.71,101
1,-76418.36,6614613.71,101
1,-76418.36,6614663.71,101
1,-76418.36,6614713.71,101
1,-76418.36,6614763.71,101
1,-76418.36,6614813.71,101
1,-76418.36,6614863.71,101
1,-76418.36,6614913.71,101
1,-76418.36,6614963.71,101
1,-76418.36,6615013.71,101
1,-76418.36,6615063.71,101
1,-76418.36,6615113.71,101
1,-76418.36,6615163.71,101
1,-76418.36,6615213.71,101
1,-76418.36,6615263.71,101
1,-76418.36,6615313.71,101
1,-76418.36,6615363.71,101
1,-76418.36,6615413.71,101
1,-76418.36,6615463.71,101
1,-76418.36,6615513.71,101
1,-76418.36,6615563.71,101
1,-76418.36,6615613.71,101
1,-76418.36,6615663.71,101
1,-76418.36,6615713.71,101
1,-76418.36,6615763.71,101
1,-76418.36,6615813.71,101
1,-76418.36,6615863.71,101
1,-76418.36,6615913.71,101
1,-76418.36,6615963.71,101
1,-76418.36,6616013.71,101
1,-76418.36,6616063.71,101
1,-76418.36,6616113.71,101
1,-76418.36,6616163.71,101
1,-76418.36,6616213.71,101
1,-76418.36,6616263.71,101
1,-76418.36,6616313.71,101
1,-76418.36,6616363.71,101
1,-76418.36,6616413.71,101
1,-76418.36,6616463.71,101
1,-76418.36,6616513.71,101
1,-76418.36,6616563.71,101
1,-76418.36,6616613.71,101
1,-76418.36,6616663.71,101
1,-76418.36,6616713.71,101
1,-76418.36,6616763.71,101
1,-76418.36,6616813.71,101
1,-76418.36,6616863.71,101
1,-76418.36,6616913.71,101
1,-76418.36,6616963.71,101
1,-76418.36,6617013.71,101
1,-76418.36,6617063.71,101
1,-76418.36,6617113.71,101
1,-76418.36,6617163.71,101
1,-76418.36,6617213.71,101
1,-76418.36,6617263.71,101
1,-76418.36,6617313.71,101
1,-76418.36,6617363.71,101
1,-76418.36,6617413.71,101
1,-76418.36,6617463.71,101
1,-76418.36,6617513.71,101
1,-76418.36,6617563.71,101
1,-76418.36,6617613.71,101
1,-76418.36,6617663.71,101
1,-76418.36,6617713.71,101
1,-76418.36,6617763.71,101
1,-76418.36,6617813.71,101
1,-76418.36,6617863.71,101
1,-76418.36,6617913.71,101
1,-76418.36,6617963.71,101
1,-76418.36,6618013.71,101
1,-76418.36,6618063.71,101
1,-76418.36,6618113.71,101
1,-76418.36,6618163.71,101
1,-76418.36,6618213.71,101
1,-76418.36,6618263.71,101
1,-76418.36,6618313.71,101
1,-76418.36,6618363.71,101
1,-76418.36,6618413.71,101
1,-76418.36,6618463.71,101
1,-76418.36,6618513.71,101
1,-76418.36,6618563.71,101
1,-76418.36,6618613.71,101
1,-76418.36,6618663.71,101
1,-76418.36,6618713.71,101
1,-76418.36,6618763.71,101
1,-76418.36,6618813.71,101
1,-76418.36,6618863.71,101
1,-76418.36,6618913.71,101
1,-76418.36,6618963.71,101
1,-76418.36,6619013.71,101
1,-76418.36,6619063.71,101
1,-76418.36,6619113.71,101
1,-76418.36,6619163.71,101
1,-76418.36,6619213.71,101
1,-76418.36,6619263.71,101
1,-76418.36,6619313.71,101
1,-76418.36,6619363.71,101
1,-76418.36,6619413.71,101
1,-76418.36,6619463.71,101
1,-76418.36,6619513.71,101
1,-76418.36,6619563.71,101
1,-76418.36,6619613.71,101
1,-76418.36,6619663.71,114
1,-76418.36,6619713.71,114
1,-76418.36,6619763.71,114
1,-76418.36,6619813.71,114
1,-76418.36,6619863.71,114
1,-76418.36,6619913.71,114
1,-76418.36,6619963.71,114
1,-76418.36,6620013.71,114
1,-76418.36,6620063.71,114
1,-76418.36,6620113.71,114
1,-76418.36,6620163.71,114
1,-76418.36,6620213.71,114
1,-76418.36,6620263.71,114
1,-76418.36,6620313.71,114
1,-76418.36,6620363.71,114
1,-76418.36,6620413.71,114
1,-76418.36,6620463.71,114
1,-76418.36,6620513.71,114
1,-76418.36,6620563.71,114
1,-76418.36,6620613.71,114
1,-76418.36,6620663.71,114
1,-76418.36,6620713.71,114
1,-76418.36,6620763.71,114
1,-76418.36,6620813.71,114
1,-76418.36,6620863.71,114
1,-76418.36,6620913.71,114
1,-76418.36,6620963.71,114
1,-76418.36,6621013.71,114
1,-76418.36,6621063.71,114
1,-76418.36,6621113.71,114
1,-76418.36,6621163.71,114
1,-76418.36,6621213.71,114
1,-76418.36,6621263.71,114
1,-76418.36,6621313.71,114
1,-76418.36,6621363.71,114
1,-76418.36,6621413.71,114
1,-76418.36,6621463.71,114
1,-76418.36,6621513.71,114
1,-76418.36,6621563.71,114
1,-76418.36,6621613.71,114
1,-76418.36,6621663.71,114
1,-76418.36,6621713.71,114
1,-76418.36,6621763.71,114
1,-76418.36,6621813.71,114
1,-76418.36,6621863.71,114
1,-76418.36,6621913.71,114
1,-76418.36,6621963.71,114
1,-76418.36,6622013.71,114
1,-76418.36,6622063.71,114
1,-76418.36,6622113.71,114
1,-76418.36,6622163.71,114
1,-76418.36,6622213.71,114
1,-76418.36,6622263.71,114
1,-76418.36,6622313.71,114
1,-76418.36,6622363.71,114
1,-76418.36,6622413.71,114
1,-76418.36,6622463.71,114
1,-76418.36,6622513.71,114
1,-76418.36,6622563.71,114
1,-76418.36,6622613.71,114
1,-76418.36,6622663.71,114
1,-76418.36,6622713.71,114
1,-76418.36,6622763.71,114
1,-76418.36,6622813.71,114
1,-76418.36,6622863.71,114
1,-76418.36,6622913.71,114
1,-76418.36,6622963.71,114
1,-76418.36,6623013.71,114
1,-76418.36,6623063.71,114
1,-76418.36,6623113.71,114
1,-76418.36,6623163.71,114
1,-76418.36,6623213.71,114
1,-76418.36,6623263.71,114
1,-76418.36,6623313.71,114
1,-76418.36,6623363.71,114
1,-76418.36,6623413.71,114
1,-76418.36,6623463.71,114
1,-76418.36,6623513.71,114
1,-76418.36,6623563.71,114
1,-76418.36,6623613.71,114
1,-76418.36,6623663.71,114
1,-76418.36,6623713.71,114
1,-76418.36,6623763.71,114
1,-76418.36,6623813.71,114
1,-76418.36,6623863.71,114
1,-76418.36,6623913.71,114
1,-76418.36,6623963.71,114
1,-76418.36,6624013.71,114
1,-76418.36,6624063.71,114
1,-76418.36,6624113.71,114
1,-76418.36,6624163.71,114
1,-76418.36,6624213.71,114
1,-76418.36,6624263.71,114
1,-76418.36,6624313.71,114
1,-76418.36,6624363.71,114
1,-76418.36,6624413.71,114
1,-76418.36,6624463.71,114
1,-76418.36,6624513.71,114
1,-76418.36,6624563.71,114
1,-76418.36,6624613.71,114
1,-76418.36,6624663.71,114
1,-76418.36,6624713.71,114
1,-76418.36,6624763.71,114
1,-76418.36,6624813.71,114
1,-76418.36,6624863.71,114
1,-76418.36,6624913.71,114
1,-76418.36,6624963.71,114
1,-76418.36,6625013.71,114
1,-76418.36,6625063.71,114
1,-76418.36,6625113.71,114
1,-76418.36,6625163.71,114
1,-76418.36,6625213.71,114
1,-76418.36,6625263.71,114
1,-76418.36,6625313.71,114
1,-76418.36,6625363.71,114
1,-76418.36,6625413.71,114
1,-76418.36,6625463.71,114
1,-76418.36,6625513.71,114
1,-76418.36,6625563.71,114
1,-76418.36,6625613.71,114
1,-76418.36,6625663.71,114
1,-76418.36,6625713.71,114
1,-76418.36,6625763.71,114
1,-76418.36,6625813.71,114
1,-76418.36,6625863.71,114
1,-76418.36,6625913.71,114
1,-76418.36,6625963.71,114
1,-76418.36,6626013.71,114
1,-76418.36,6626063.71,114
1,-76418.36,6626113.71,114
1,-76418.36,6626163.71,114
1,-76418.36,6626213.71,114
1,-76418.36,6626263.71,114
1,-76418.36,6626313.71,114
1,-76418.36,6626363.71,114
1,-76418.36,6626413.71,114
1,-76418.36,6626463.71,114
1,-76418.36,6626513.71,114
1,-76418.36,6626563.71,114
1,-76418.36,6626613.71,114
1,-76418.36,6626663.71,114
1,-76418.36,6626713.71,114
1,-76418.36,6626763.71,114
1,-76418.36,6626813.71,114
1,-76418.36,6626863.71,114
1,-76418.36,6626913.71,114
1,-76418.36,6626963.71,114
1,-76418.36,6627013.71,114
1,-76418.36,6627063.71,114
1,-76418.36,6627113.71,114
1,-76418.36,6627163.71,114
1,-76418.36,6627213.71,114
1,-76418.36,6627263.71,114
1,-76418.36,6627313.71,114
1,-76418.36,6627363.71,114
1,-76418.36,6627413.71,114
1,-76418.36,6627463.71,114
1,-76418.36,6627513.71,114
1,-76418.36,6627563.71,114
1,-76418.36,6627613.71,114
1,-76418.36,6627663.71,114
1,-76418.36,6627713.71,114
1,-76418.36,6627763.71,114
1,-76418.36,6627813.71,114
1,-76418.36,6627863.71,114
1,-76418.36,6627913.71,114
1,-76418.36,6627963.71,114
1,-76418.36,6628013.71,114
1,-76418.36,6628063.71,114
1,-76418.36,6628113.71,114
1,-76418.36,6628163.71,114
1,-76418.36,6628213.71,114
1,-76418.36,6628263.71,114
1,-76418.36,6628313.71,114
1,-76418.36,6628363.71,114
1,-76418.36,6628413.71,114
1,-76418.36,6628463.71,114
1,-76418.36,6628513.71,114
1,-76418.36,6628563.71,114
2,-76170.51,6625202.31,102
2,-76168.77,6625152.34,102
2,-76167.02,6625102.37,102
2,-76165.28,6625052.40,102
2,-76163.53,6625002.43,102
2,-76161.79,6624952.46,102
2,-76160.04,6624902.49,102
2,-76158.30,6624852.52,102
2,-76156.55,6624802.55,102
2,-76154.81,6624752.58,102
2,-76153.06,6624702.62,102
2,-76151.32,6624652.65,102
2,-76149.57,6624602.68,102
2,-76147.83,6624552.71,102
2,-76146.08,6624502.74,102
2,-76144.34,6624452.77,102
2,-76142.59,6624402.80,102
2,-76140.85,6624352.83,102
2,-76139.10,6624302.86,102
2,-76137.36,6624252.89,102
2,-76135.61,6624202.92,102
2,-76133.87,6624152.95,102
2,-76132.12,6624102.98,102
2,-76130.38,6624053.01,102
2,-76128.63,6624003.04,102
2,-76126.89,6623953.07,102
2,-76125.14,6623903.10,102
2,-76123.40,6623853.13,102
2,-76121.65,6623803.16,102
2,-76119.91,6623753.19,102
2,-76118.16,6623703.22,102
2,-76116.42,6623653.25,102
2,-76114.67,6623603.29,102
2,-76112.93,6623553.32,102
2,-76111.18,6623503.35,102
2,-76109.44,6623453.38,102
2,-76107.69,6623403.41,102
2,-76105.95,6623353.44,102
2,-76104.20,6623303.47,102
2,-76102.46,6623253.50,102
2,-76100.71,6623203.53,102
2,-76098.97,6623153.56,102
2,-76097.22,6623103.59,102
2,-76095.48,6623053.62,102
2,-76093.73,6623003.65,102
2,-76091.99,6622953.68,102
2,-76090.24,6622903.71,102
2,-76088.50,6622853.74,102
2,-76086.75,6622803.77,102
2,-76085.01,6622753.80,102
2,-76083.26,6622703.83,102
2,-76081.52,6622653.86,102
2,-76079.77,6622603.89,102
2,-76078.03,6622553.93,102
2,-76076.28,6622503.96,102
2,-76074.54,6622453.99,102
2,-76072.79,6622404.02,102
2,-76071.05,6622354.05,102
2,-76069.30,6622304.08,102
2,-76067.56,6622254.11,102
2,-76065.81,6622204.14,102
2,-76064.07,6622154.17,102
2,-76062.32,6622104.20,102
2,-76060.58,6622054.23,102
2,-76058.83,6622004.26,102
2,-76057.09,6621954.29,102
2,-76055.34,6621904.32,102
2,-76053.60,6621854.35,102
2,-76051.85,6621804.38,102
2,-76050.11,6621754.41,102
2,-76048.36,6621704.44,102
2,-76046.62,6621654.47,102
2,-76044.87,6621604.50,102
2,-76043.13,6621554.53,102
2,-76041.38,6621504.56,102
2,-76039.64,6621454.60,102
2,-76037.89,6621404.63,102
2,-76036.15,6621354.66,102
2,-76034.40,6621304.69,102
2,-76032.66,6621254.72,102
2,-76030.91,6621204.75,102
2,-76029.17,6621154.78,102
2,-76027.42,6621104.81,102
2,-76025.68,6621054.84,102
2,-76023.93,6621004.87,102
2,-76022.19,6620954.90,102
2,-76020.44,6620904.93,102
2,-76018.70,6620854.96,102
2,-76016.95,6620804.99,102
2,-76015.21,6620755.02,102
2,-76013.46,6620705.05,102
2,-76011.72,6620655.08,102
2,-76009.97,6620605.11,102
2,-76008.23,6620555.14,102
2,-76006.48,6620505.17,102
2,-76004.74,6620455.20,102
2,-76002.99,6620405.23,102
2,-76001.25,6620355.27,102
2,-75999.50,6620305.30,102
2,-75997.76,6620255.33,102
2,-75996.01,6620205.36,102
2,-75994.27,6620155.39,102
2,-75992.52,6620105.42,102
2,-75990.78,6620055.45,102
2,-75989.03,6620005.48,102
2,-75987.29,6619955.51,102
2,-75985.54,6619905.54,102
2,-75983.80,6619855.57,102
2,-75982.05,6619805.60,102
2,-75980.31,6619755.63,102
2,-75978.56,6619705.66,102
2,-75976.82,6619655.69,102
2,-75975.08,6619605.72,102
2,-75973.33,6619555.75,102
2,-75971.59,6619505.78,102
2,-75969.84,6619455.81,102
2,-75968.10,6619405.84,102
2,-75966.35,6619355.87,102
2,-75964.61,6619305.90,102
2,-75962.86,6619255.94,102
2,-75961.12,6619205.97,102
2,-75959.37,6619156.00,102
2,-75957.63,6619106.03,102
2,-75955.88,6619056.06,102
2,-75954.14,6619006.09,102
2,-75952.39,6618956.12,102
2,-75950.65,6618906.15,102
2,-75948.90,6618856.18,102
2,-75947.16,6618806.21,102
2,-75945.41,6618756.24,102
2,-75943.67,6618706.27,102
2,-75941.92,6618656.30,102
2,-75940.18,6618606.33,102
2,-75938.43,6618556.36,102
2,-75936.69,6618506.39,102
2,-75934.94,6618456.42,102
2,-75933.20,6618406.45,102
2,-75931.45,6618356.48,102
2,-75929.71,6618306.51,102
2,-75927.96,6618256.54,102
2,-75926.22,6618206.57,102
2,-75924.47,6618156.61,102
2,-75922.73,6618106.64,102
2,-75920.98,6618056.67,102
2,-75919.24,6618006.70,102
2,-75917.49,6617956.73,102
2,-75915.75,6617906.76,102
2,-75914.00,6617856.79,102
2,-75912.26,6617806.82,102
2,-75910.51,6617756.85,102
2,-75908.77,6617706.88,102
2,-75907.02,6617656.91,102
2,-75905.28,6617606.94,102
2,-75903.53,6617556.97,102
2,-75901.79,6617507.00,102
2,-75900.04,6617457.03,102
2,-75898.30,6617407.06,102
2,-75896.55,6617357.09,102
2,-75894.81,6617307.12,102
2,-75893.06,6617257.15,102
2,-75891.32,6617207.18,102
2,-75889.57,6617157.21,102
2,-75887.83,6617107.25,102
2,-75886.08,6617057.28,102
2,-75884.34,6617007.31,102
2,-75882.59,6616957.34,102
2,-75880.85,6616907.37,102
2,-75879.10,6616857.40,102
2,-75877.36,6616807.43,102
2,-75875.61,6616757.46,102
2,-75873.87,6616707.49,102
2,-75872.12,6616657.52,102
2,-75870.38,6616607.55,102
2,-75868.63,6616557.58,102
2,-75866.89,6616507.61,102
2,-75865.14,6616457.64,102
2,-75863.40,6616407.67,102
2,-75861.65,6616357.70,102
2,-75859.91,6616307.73,102
2,-75858.16,6616257.76,102
2,-75856.42,6616207.79,102
2,-75854.67,6616157.82,102
2,-75852.93,6616107.85,102
2,-75851.18,6616057.88,102
2,-75849.44,6616007.92,102
2,-75847.69,6615957.95,102
2,-75845.95,6615907.98,102
2,-75844.20,6615858.01,102
2,-75842.46,6615808.04,102
2,-75840.71,6615758.07,102
2,-75838.97,6615708.10,102
2,-75837.22,6615658.13,102
2,-75835.48,6615608.16,102
2,-75833.73,6615558.19,102
2,-75831.99,6615508.22,102
2,-75830.24,6615458.25,102
2,-75828.50,6615408.28,102
2,-75826.75,6615358.31,102
2,-75825.01,6615308.34,102
2,-75823.26,6615258.37,102
2,-75821.52,6615208.40,102
2,-75819.77,6615158.43,102
2,-75818.03,6615108.46,102
2,-75816.28,6615058.49,102
2,-75814.54,6615008.52,102
2,-75812.79,6614958.55,102
2,-75811.05,6614908.59,102
2,-75809.30,6614858.62,102
2,-75807.56,6614808.65,102
2,-75805.81,6614758.68,102
2,-75804.07,6614708.71,102
2,-75802.32,6614658.74,102
2,-75800.58,6614608.77,102
2,-75798.83,6614558.80,102
2,-75797.09,6614508.83,102
2,-75795.34,6614458.86,102
2,-75793.60,6614408.89,102
2,-75791.85,6614358.92,102
2,-75790.11,6614308.95,102
2,-75788.36,6614258.98,102
2,-75786.62,6614209.01,102
2,-75784.87,6614159.04,102
2,-75783.13,6614109.07,102
2,-75781.38,6614059.10,102
2,-75779.64,6614009.13,102
2,-75777.89,6613959.16,102
2,-75776.15,6613909.19,102
2,-75774.40,6613859.22,102
2,-75772.66,6613809.26,102
2,-75770.91,6613759.29,102
2,-75769.17,6613709.32,102
2,-75767.42,6613659.35,102
2,-75765.68,6613609.38,102
2,-75763.93,6613559.41,102
2,-75762.19,6613509.44,102
2,-75760.44,6613459.47,102
2,-75758.70,6613409.50,102
2,-75756.95,6613359.53,102
2,-75755.21,6613309.56,102
2,-75753.46,6613259.59,102
2,-75751.72,6613209.62,102
2,-75749.97,6613159.65,102
2,-75748.23,6613109.68,102
2,-75746.48,6613059.71,102
2,-75744.74,6613009.74,102
2,-75742.99,6612959.77,102
2,-75741.25,6612909.80,102
2,-75739.50,6612859.83,102
2,-75737.76,6612809.86,102
2,-75736.01,6612759.89,102
2,-75734.27,6612709.93,102
2,-75732.52,6612659.96,102
2,-75730.78,6612609.99,102
2,-75729.03,6612560.02,102
2,-75727.29,6612510.05,102
2,-75725.54,6612460.08,102
2,-75723.80,6612410.11,102
2,-75722.05,6612360.14,102
2,-75720.31,6612310.17,102
2,-75718.56,6612260.20,102
2,-75716.82,6612210.23,102
2,-75715.07,6612160.26,102
2,-75713.33,6612110.29,102
2,-75711.58,6612060.32,102
2,-75709.84,6612010.35,102
2,-75708.09,6611960.38,102
2,-75706.35,6611910.41,102
2,-75704.60,6611860.44,102
2,-75702.86,6611810.47,102
2,-75701.11,6611760.50,102
2,-75699.37,6611710.53,102
2,-75697.62,6611660.57,102
2,-75695.88,6611610.60,102
2,-75694.13,6611560.63,102
2,-75692.39,6611510.66,102
2,-75690.64,6611460.69,102
2,-75688.90,6611410.72,102
2,-75687.15,6611360.75,102
2,-75685.41,6611310.78,102
2,-75683.66,6611260.81,102
2,-75681.92,6611210.84,102
2,-75680.17,6611160.87,102
2,-75678.43,6611110.90,102
2,-75676.68,6611060.93,102
2,-75674.94,6611010.96,102
2,-75673.19,6610960.99,102
2,-75671.45,6610911.02,102
2,-75669.70,6610861.05,102
2,-75667.96,6610811.08,102
2,-75666.21,6610761.11,102
3,-75418.36,6610413.71,103
3,-75418.36,6610463.71,103
3,-75418.36,6610513.71,103
3,-75418.36,6610563.71,103
3,-75418.36,6610613.71,103
3,-75418.36,6610663.71,103
3,-75418.36,6610713.71,103
3,-75418.36,6610763.71,103
3,-75418.36,6610813.71,103
3,-75418.36,6610863.71,103
3,-75418.36,6610913.71,103
3,-75418.36,6610963.71,103
3,-75418.36,6611013.71,103
3,-75418.36,6611063.71,103
3,-75418.36,6611113.71,103
3,-75418.36,6611163.71,103
3,-75418.36,6611213.71,103
3,-75418.36,6611263.71,103
3,-75418.36,6611313.71,103
3,-75418.36,6611363.71,103
3,-75418.36,6611413.71,103
3,-75418.36,6611463.71,103
3,-75418.36,6611513.71,103
3,-75418.36,6611563.71,103
3,-75418.36,6611613.71,103
3,-75418.36,6611663.71,103
3,-75418.36,6611713.71,103
3,-75418.36,6611763.71,103
3,-75418.36,6611813.71,103
3,-75418.36,6611863.71,103
3,-75418.36,6611913.71,103
3,-75418.36,6611963.71,103
3,-75418.36,6612013.71,103
3,-75418.36,6612063.71,103
3,-75418.36,6612113.71,103
3,-75418.36,6612163.71,103
3,-75418.36,6612213.71,103
3,-75418.36,6612263.71,103
3,-75418.36,6612313.71,103
3,-75418.36,6612363.71,103
3,-75418.36,6612413.71,103
3,-75418.36,6612463.71,103
3,-75418.36,6612513.71,103
3,-75418.36,6612563.71,103
3,-75418.36,6612613.71,103
3,-75418.36,6612663.71,103
3,-75418.36,6612713.71,103
3,-75418.36,6612763.71,103
3,-75418.36,6612813.71,103
3,-75418.36,6612863.71,103
3,-75418.36,6612913.71,103
3,-75418.36,6612963.71,103
3,-75418.36,6613013.71,103
3,-75418.36,6613063.71,103
3,-75418.36,6613113.71,103
3,-75418.36,6613163.71,103
3,-75418.36,6613213.71,103
3,-75418.36,6613263.71,103
3,-75418.36,6613313.71,103
3,-75418.36,6613363.71,103
3,-75418.36,6613413.71,103
3,-75418.36,6613463.71,103
3,-75418.36,6613513.71,103
3,-75418.36,6613563.71,103
3,-75418.36,6613613.71,103
3,-75418.36,6613663.71,103
3,-75418.36,6613713.71,103
3,-75418.36,6613763.71,103
3,-75418.36,6613813.71,103
3,-75418.36,6613863.71,103
3,-75418.36,6613913.71,103
3,-75418.36,6613963.71,103
3,-75418.36,6614013.71,103
3,-75418.36,6614063.71,103
3,-75418.36,6614113.71,103
3,-75418.36,6614163.71,103
3,-75418.36,6614213.71,103
3,-75418.36,6614263.71,103
3,-75418.36,6614313.71,103
3,-75418.36,6614363.71,103
3,-75418.36,6614413.71,103
3,-75418.36,6614463.71,103
3,-75418.36,6614513.71,103
3,-75418.36,6614563.71,103
3,-75418.36,6614613.71,103
3,-75418.36,6614663.71,103
3,-75418.36,6614713.71,103
3,-75418.36,6614763.71,103
3,-75418.36,6614813.71,103
3,-75418.36,6614863.71,103
3,-75418.36,6614913.71,103
3,-75418.36,6614963.71,103
3,-75418.36,6615013.71,103
3,-75418.36,6615063.71,103
3,-75418.36,6615113.71,103
3,-75418.36,6615163.71,103
3,-75418.36,6615213.71,103
3,-75418.36,6615263.71,103
3,-75418.36,6615313.71,103
3,-75418.36,6615363.71,103
3,-75418.36,6615413.71,103
3,-75418.36,6615463.71,103
3,-75418.36,6615513.71,103
3,-75418.36,6615563.71,103
3,-75418.36,6615613.71,103
3,-75418.36,6615663.71,103
3,-75418.36,6615713.71,103
3,-75418.36,6615763.71,103
3,-75418.36,6615813.71,103
3,-75418.36,6615863.71,103
3,-75418.36,6615913.71,103
3,-75418.36,6615963.71,103
3,-75418.36,6616013.71,103
3,-75418.36,6616063.71,103
3,-75418.36,6616113.71,103
3,-75418.36,6616163.71,103
3,-75418.36,6616213.71,103
3,-75418.36,6616263.71,103
3,-75418.36,6616313.71,103
3,-75418.36,6616363.71,103
3,-75418.36,6616413.71,103
3,-75418.36,6616463.71,103
3,-75418.36,6616513.71,103
3,-75418.36,6616563.71,103
3,-75418.36,6616613.71,103
3,-75418.36,6616663.71,103
3,-75418.36,6616713.71,103
3,-75418.36,6616763.71,103
3,-75418.36,6616813.71,103
3,-75418.36,6616863.71,103
3,-75418.36,6616913.71,103
3,-75418.36,6616963.71,103
3,-75418.36,6617013.71,103
3,-75418.36,6617063.71,103
3,-75418.36,6617113.71,103
3,-75418.36,6617163.71,103
3,-75418.36,6617213.71,103
3,-75418.36,6617263.71,103
3,-75418.36,6617313.71,103
3,-75418.36,6617363.71,103
3,-75418.36,6617413.71,103
3,-75418.36,6617463.71,103
3,-75418.36,6617513.71,103
3,-75418.36,6617563.71,103
3,-75418.36,6617613.71,103
3,-75418.36,6617663.71,103
3,-75418.36,6617713.71,103
3,-75418.36,6617763.71,103
3,-75418.36,6617813.71,103
3,-75418.36,6617863.71,103
3,-75418.36,6617913.71,103
3,-75418.36,6617963.71,103
3,-75418.36,6618013.71,103
3,-75418.36,6618063.71,103
3,-75418.36,6618113.71,103
3,-75418.36,6618163.71,103
3,-75418.36,6618213.71,103
3,-75418.36,6618263.71,103
3,-75418.36,6618313.71,103
3,-75418.36,6618363.71,103
3,-75418.36,6618413.71,103
3,-75418.36,6618463.71,103
3,-75418.36,6618513.71,103
3,-75418.36,6618563.71,103
3,-75418.36,6618613.71,103
3,-75418.36,6618663.71,103
3,-75418.36,6618713.71,103
3,-75418.36,6618763.71,103
3,-75418.36,6618813.71,103
3,-75418.36,6618863.71,103
3,-75418.36,6618913.71,103
3,-75418.36,6618963.71,103
3,-75418.36,6619013.71,103
3,-75418.36,6619063.71,103
3,-75418.36,6619113.71,103
3,-75418.36,6619163.71,103
3,-75418.36,6619213.71,103
3,-75418.36,6619263.71,103
3,-75418.36,6619313.71,103
3,-75418.36,6619363.71,103
3,-75418.36,6619413.71,103
3,-75418.36,6619463.71,103
3,-75418.36,6619513.71,103
3,-75418.36,6619563.71,103
3,-75418.36,6619613.71,103
3,-75418.36,6619663.71,103
3,-75418.36,6619713.71,103
3,-75418.36,6619763.71,103
3,-75418.36,6619813.71,103
3,-75418.36,6619863.71,103
3,-75418.36,6619913.71,103
3,-75418.36,6619963.71,103
3,-75418.36,6620013.71,103
3,-75418.36,6620063.71,103
3,-75418.36,6620113.71,103
3,-75418.36,6620163.71,103
3,-75418.36,6620213.71,103
3,-75418.36,6620263.71,103
3,-75418.36,6620313.71,103
3,-75418.36,6620363.71,103
3,-75418.36,6620413.71,103
3,-75418.36,6620463.71,103
3,-75418.36,6620513.71,103
3,-75418.36,6620563.71,103
3,-75418.36,6620613.71,103
3,-75418.36,6620663.71,103
3,-75418.36,6620713.71,103
3,-75418.36,6620763.71,103
3,-75418.36,6620813.71,103
3,-75418.36,6620863.71,103
3,-75418.36,6620913.71,103
3,-75418.36,6620963.71,103
3,-75418.36,6621013.71,103
3,-75418.36,6621063.71,103
3,-75418.36,6621113.71,103
3,-75418.36,6621163.71,103
3,-75418.36,6621213.71,103
3,-75418.36,6621263.71,103
3,-75418.36,6621313.71,103
3,-75418.36,6621363.71,103
3,-75418.36,6621413.71,103
3,-75418.36,6621463.71,103
3,-75418.36,6621513.71,103
3,-75418.36,6621563.71,103
3,-75418.36,6621613.71,103
3,-75418.36,6621663.71,103
3,-75418.36,6621713.71,103
3,-75418.36,6621763.71,103
3,-75418.36,6621813.71,103
3,-75418.36,6621863.71,103
3,-75418.36,6621913.71,103
3,-75418.36,6621963.71,103
3,-75418.36,6622013.71,103
3,-75418.36,6622063.71,103
3,-75418.36,6622113.71,103
3,-75418.36,6622163.71,103
3,-75418.36,6622213.71,103
3,-75418.36,6622263.71,103
3,-75418.36,6622313.71,103
3,-75418.36,6622363.71,103
3,-75418.36,6622413.71,103
3,-75418.36,6622463.71,103
3,-75418.36,6622513.71,103
3,-75418.36,6622563.71,103
3,-75418.36,6622613.71,103
3,-75418.36,6622663.71,103
3,-75418.36,6622713.71,103
3,-75418.36,6622763.71,103
3,-75418.36,6622813.71,103
3,-75418.36,6622863.71,103
3,-75418.36,6622913.71,103
3,-75418.36,6622963.71,103
3,-75418.36,6623013.71,103
4,-74918.36,6626763.71,104
4,-74918.36,6626713.71,104
4,-74918.36,6626663.71,104
4,-74918.36,6626613.71,104
4,-74918.36,6626563.71,104
4,-74918.36,6626513.71,104
4,-74918.36,6626463.71,104
4,-74918.36,6626413.71,104
4,-74918.36,6626363.71,104
4,-74918.36,6626313.71,104
4,-74918.36,6626263.71,104
4,-74918.36,6626213.71,104
4,-74918.36,6626163.71,104
4,-74918.36,6626113.71,104
4,-74918.36,6626063.71,104
4,-74918.36,6626013.71,104
4,-74918.36,6625963.71,104
4,-74918.36,6625913.71,104
4,-74918.36,6625863.71,104
4,-74918.36,6625813.71,104
4,-74918.36,6625763.71,104
4,-74918.36,6625713.71,104
4,-74918.36,6625663.71,104
4,-74918.36,6625613.71,104
4,-74918.36,6625563.71,104
4,-74918.36,6625513.71,104
4,-74918.36,6625463.71,104
4,-74918.36,6625413.71,104
4,-74918.36,6625363.71,104
4,-74918.36,6625313.71,104
4,-74918.36,6625263.71,104
4,-74918.36,6625213.71,104
4,-74918.36,6625163.71,104
4,-74918.36,6625113.71,104
4,-74918.36,6625063.71,104
4,-74918.36,6625013.71,104
4,-74918.36,6624963.71,104
4,-74918.36,6624913.71,104
4,-74918.36,6624863.71,104
4,-74918.36,6624813.71,104
4,-74918.36,6624763.71,104
4,-74918.36,6624713.71,104
4,-74918.36,6624663.71,104
4,-74918.36,6624613.71,104
4,-74918.36,6624563.71,104
4,-74918.36,6624513.71,104
4,-74918.36,6624463.71,104
4,-74918.36,6624413.71,104
4,-74918.36,6624363.71,104
4,-74918.36,6624313.71,104
4,-74918.36,6624263.71,104
4,-74918.36,6624213.71,104
4,-74918.36,6624163.71,104
4,-74918.36,6624113.71,104
4,-74918.36,6624063.71,104
4,-74918.36,6624013.71,104
4,-74918.36,6623963.71,104
4,-74918.36,6623913.71,104
4,-74918.36,6623863.71,104
4,-74918.36,6623813.71,104
4,-74918.36,6623763.71,104
4,-74918.36,6623713.71,104
4,-74918.36,6623663.71,104
4,-74918.36,6623613.71,104
4,-74918.36,6623563.71,104
4,-74918.36,6623513.71,104
4,-74918.36,6623463.71,104
4,-74918.36,6623413.71,104
4,-74918.36,6623363.71,104
4,-74918.36,6623313.71,104
4,-74918.36,6623263.71,104
4,-74918.36,6623213.71,104
4,-74918.36,6623163.71,104
4,-74918.36,6623113.71,104
4,-74918.36,6623063.71,104
4,-74918.36,6623013.71,104
4,-74918.36,6622963.71,104
4,-74918.36,6622913.71,104
4,-74918.36,6622863.71,104
4,-74918.36,6622813.71,104
4,-74918.36,6622763.71,104
4,-74918.36,6622713.71,104
4,-74918.36,6622663.71,104
4,-74918.36,6622613.71,104
4,-74918.36,6622563.71,104
4,-74918.36,6622513.71,104
4,-74918.36,6622463.71,104
4,-74918.36,6622413.71,104
4,-74918.36,6622363.71,104
4,-74918.36,6622313.71,104
4,-74918.36,6622263.71,104
4,-74918.36,6622213.71,104
4,-74918.36,6622163.71,104
4,-74918.36,6622113.71,104
4,-74918.36,6622063.71,104
4,-74918.36,6622013.71,104
4,-74918.36,6621963.71,104
4,-74918.36,6621913.71,104
4,-74918.36,6621863.71,104
4,-74918.36,6621813.71,104
4,-74918.36,6621763.71,104
4,-74918.36,6621713.71,104
4,-74918.36,6621663.71,104
4,-74918.36,6621613.71,104
4,-74918.36,6621563.71,104
4,-74918.36,6621513.71,104
4,-74918.36,6621463.71,104
4,-74918.36,6621413.71,104
4,-74918.36,6621363.71,104
4,-74918.36,6621313.71,104
4,-74918.36,6621263.71,104
4,-74918.36,6621213.71,104
4,-74918.36,6621163.71,104
4,-74918.36,6621113.71,104
4,-74918.36,6621063.71,104
4,-74918.36,6621013.71,104
4,-74918.36,6620963.71,104
4,-74918.36,6620913.71,104
4,-74918.36,6620863.71,104
4,-74918.36,6620813.71,104
4,-74918.36,6620763.71,104
4,-74918.36,6620713.71,104
4,-74918.36,6620663.71,104
4,-74918.36,6620613.71,104
4,-74918.36,6620563.71,104
4,-74918.36,6620513.71,104
4,-74918.36,6620463.71,104
4,-74918.36,6620413.71,104
4,-74918.36,6620363.71,104
4,-74918.36,6620313.71,104
4,-74918.36,6620263.71,104
4,-74918.36,6620213.71,104
4,-74918.36,6620163.71,104
4,-74918.36,6620113.71,104
4,-74918.36,6620063.71,104
4,-74918.36,6620013.71,104
4,-74918.36,6619963.71,104
4,-74918.36,6619913.71,104
4,-74918.36,6619863.71,104
4,-74918.36,6619813.71,104
4,-74918.36,6619763.71,104
4,-74918.36,6619713.71,104
4,-74918.36,6619663.71,104
4,-74918.36,6619613.71,104
4,-74918.36,6619563.71,104
4,-74918.36,6619513.71,104
4,-74918.36,6619463.71,104
4,-74918.36,6619413.71,104
4,-74918.36,6619363.71,104
4,-74918.36,6619313.71,104
4,-74918.36,6619263.71,104
4,-74918.36,6619213.71,104
4,-74918.36,6619163.71,104
4,-74918.36,6619113.71,104
4,-74918.36,6619063.71,104
4,-74918.36,6619013.71,104
4,-74918.36,6618963.71,104
4,-74918.36,6618913.71,104
4,-74918.36,6618863.71,104
4,-74918.36,6618813.71,104
4,-74918.36,6618763.71,104
4,-74918.36,6618713.71,104
4,-74918.36,6618663.71,104
4,-74918.36,6618613.71,104
4,-74918.36,6618563.71,104
4,-74918.36,6618513.71,104
4,-74918.36,6618463.71,104
4,-74918.36,6618413.71,104
4,-74918.36,6618363.71,104
4,-74918.36,6618313.71,104
4,-74918.36,6618263.71,104
4,-74918.36,6618213.71,104
4,-74918.36,6618163.71,104
4,-74918.36,6618113.71,104
4,-74918.36,6618063.71,104
4,-74918.36,6618013.71,104
4,-74918.36,6617963.71,104
4,-74918.36,6617913.71,104
4,-74918.36,6617863.71,104
4,-74918.36,6617813.71,104
4,-74918.36,6617763.71,104
4,-74918.36,6617713.71,104
4,-74918.36,6617663.71,104
4,-74918.36,6617613.71,104
4,-74918.36,6617563.71,104
4,-74918.36,6617513.71,104
4,-74918.36,6617463.71,104
4,-74918.36,6617413.71,104
4,-74918.36,6617363.71,104
4,-74918.36,6617313.71,104
4,-74918.36,6617263.71,104
4,-74918.36,6617213.71,104
4,-74918.36,6617163.71,104
4,-74918.36,6617113.71,104
4,-74918.36,6617063.71,104
4,-74918.36,6617013.71,104
4,-74918.36,6616963.71,104
4,-74918.36,6616913.71,104
4,-74918.36,6616863.71,104
4,-74918.36,6616813.71,104
4,-74918.36,6616763.71,104
4,-74918.36,6616713.71,104
4,-74918.36,6616663.71,104
4,-74918.36,6616613.71,104
4,-74918.36,6616563.71,104
4,-74918.36,6616513.71,104
4,-74918.36,6616463.71,104
4,-74918.36,6616413.71,104
4,-74918.36,6616363.71,104
4,-74918.36,6616313.71,104
4,-74918.36,6616263.71,104
4,-74918.36,6616213.71,104
4,-74918.36,6616163.71,104
4,-74918.36,6616113.71,104
4,-74918.36,6616063.71,104
4,-74918.36,6616013.71,104
4,-74918.36,6615963.71,104
4,-74918.36,6615913.71,104
4,-74918.36,6615863.71,104
4,-74918.36,6615813.71,104
4,-74918.36,6615763.71,104
4,-74918.36,6615713.71,104
4,-74918.36,6615663.71,104
4,-74918.36,6615613.71,104
4,-74918.36,6615563.71,104
4,-74918.36,6615513.71,104
4,-74918.36,6615463.71,104
4,-74918.36,6615413.71,104
4,-74918.36,6615363.71,104
4,-74918.36,6615313.71,104
4,-74918.36,6615263.71,104
4,-74918.36,6615213.71,104
4,-74918.36,6615163.71,104
4,-74918.36,6615113.71,104
4,-74918.36,6615063.71,104
4,-74918.36,6615013.71,104
4,-74918.36,6614963.71,104
4,-74918.36,6614913.71,104
4,-74918.36,6614863.71,104
4,-74918.36,6614813.71,104
4,-74918.36,6614763.71,104
4,-74918.36,6614713.71,104
4,-74918.36,6614663.71,104
4,-74918.36,6614613.71,104
4,-74918.36,6614563.71,104
4,-74918.36,6614513.71,104
4,-74918.36,6614463.71,104
4,-74918.36,6614413.71,104
4,-74918.36,6614363.71,104
4,-74918.36,6614313.71,104
4,-74918.36,6614263.71,104
4,-74918.36,6614213.71,104
4,-74918.36,6614163.71,104
4,-74918.36,6614113.71,104
4,-74918.36,6614063.71,104
4,-74918.36,6614013.71,104
4,-74918.36,6613963.71,104
4,-74918.36,6613913.71,104
4,-74918.36,6613863.71,104
4,-74918.36,6613813.71,104
4,-74918.36,6613763.71,104
4,-74918.36,6613713.71,104
4,-74918.36,6613663.71,104
4,-74918.36,6613613.71,104
4,-74918.36,6613563.71,104
4,-74918.36,6613513.71,104
4,-74918.36,6613463.71,104
4,-74918.36,6613413.71,104
4,-74918.36,6613363.71,104
4,-74918.36,6613313.71,104
4,-74918.36,6613263.71,104
4,-74918.36,6613213.71,104
4,-74918.36,6613163.71,104
4,-74918.36,6613113.71,104
4,-74918.36,6613063.71,104
4,-74918.36,6613013.71,104
4,-74918.36,6612963.71,104
4,-74918.36,6612913.71,104
4,-74918.36,6612863.71,104
4,-74918.36,6612813.71,104
4,-74918.36,6612763.71,104
4,-74918.36,6612713.71,104
4,-74918.36,6612663.71,104
4,-74918.36,6612613.71,104
4,-74918.36,6612563.71,104
4,-74918.36,6612513.71,104
4,-74918.36,6612463.71,104
4,-74918.36,6612413.71,104
4,-74918.36,6612363.71,104
4,-74918.36,6612313.71,104
4,-74918.36,6612263.71,104
4,-74918.36,6612213.71,104
4,-74918.36,6612163.71,104
4,-74918.36,6612113.71,104
4,-74918.36,6612063.71,104
4,-74918.36,6612013.71,104
4,-74918.36,6611963.71,104
4,-74918.36,6611913.71,104
4,-74918.36,6611863.71,104
4,-74918.36,6611813.71,104
4,-74918.36,6611763.71,104
4,-74918.36,6611713.71,104
4,-74918.36,6611663.71,104
4,-74918.36,6611613.71,104
4,-74918.36,6611563.71,104
4,-74918.36,6611513.71,104
4,-74918.36,6611463.71,104
4,-74918.36,6611413.71,104
4,-74918.36,6611363.71,104
4,-74918.36,6611313.71,104
4,-74918.36,6611263.71,104
4,-74918.36,6611213.71,104
4,-74918.36,6611163.71,104
4,-74918.36,6611113.71,104
4,-74918.36,6611063.71,104
4,-74918.36,6611013.71,104
4,-74918.36,6610963.71,104
4,-74918.36,6610913.71,104
4,-74918.36,6610863.71,104
4,-74918.36,6610813.71,104
4,-74918.36,6610763.71,104
4,-74918.36,6610713.71,104
4,-74918.36,6610663.71,104
4,-74918.36,6610613.71,104
4,-74918.36,6610563.71,104
4,-74918.36,6610513.71,104
4,-74918.36,6610463.71,104
4,-74918.36,6610413.71,104
4,-74918.36,6610363.71,104
4,-74918.36,6610313.71,104
4,-74918.36,6610263.71,104
5,-74418.36,6610663.71,105
5,-74418.36,6610713.71,105
5,-74418.36,6610763.71,105
5,-74418.36,6610813.71,105
5,-74418.36,6610863.71,105
5,-74418.36,6610913.71,105
5,-74418.36,6610963.71,105
5,-74418.36,6611013.71,105
5,-74418.36,6611063.71,105
5,-74418.36,6611113.71,105
5,-74418.36,6611163.71,105
5,-74418.36,6611213.71,105
5,-74418.36,6611263.71,105
5,-74418.36,6611313.71,105
5,-74418.36,6611363.71,105
5,-74418.36,6611413.71,105
5,-74418.36,6611463.71,105
5,-74418.36,6611513.71,105
5,-74418.36,6611563.71,105
5,-74418.36,6611613.71,105
5,-74418.36,6611663.71,105
5,-74418.36,6611713.71,105
5,-74418.36,6611763.71,105
5,-74418.36,6611813.71,105
5,-74418.36,6611863.71,105
5,-74418.36,6611913.71,105
5,-74418.36,6611963.71,105
5,-74418.36,6612013.71,105
5,-74418.36,6612063.71,105
5,-74418.36,6612113.71,105
5,-74418.36,6612163.71,105
5,-74418.36,6612213.71,105
5,-74418.36,6612263.71,105
5,-74418.36,6612313.71,105
5,-74418.36,6612363.71,105
5,-74418.36,6612413.71,105
5,-74418.36,6612463.71,105
5,-74418.36,6612513.71,105
5,-74418.36,6612563.71,105
5,-74418.36,6612613.71,105
5,-74418.36,6612663.71,105
5,-74418.36,6612713.71,105
5,-74418.36,6612763.71,105
5,-74418.36,6612813.71,105
5,-74418.36,6612863.71,105
5,-74418.36,6612913.71,105
5,-74418.36,6612963.71,105
5,-74418.36,6613013.71,105
5,-74418.36,6613063.71,105
5,-74418.36,6613113.71,105
5,-74418.36,6613163.71,105
5,-74418.36,6613213.71,105
5,-74418.36,6613263.71,105
5,-74418.36,6613313.71,105
5,-74418.36,6613363.71,105
5,-74418.36,6613413.71,105
5,-74418.36,6613463.71,105
5,-74418.36,6613513.71,105
5,-74418.36,6613563.71,105
5,-74418.36,6613613.71,105
5,-74418.36,6613663.71,105
5,-74418.36,6613713.71,105
5,-74418.36,6613763.71,105
5,-74418.36,6613813.71,105
5,-74418.36,6613863.71,105
5,-74418.36,6613913.71,105
5,-74418.36,6613963.71,105
5,-74418.36,6614013.71,105
5,-74418.36,6614063.71,105
5,-74418.36,6614113.71,105
5,-74418.36,6614163.71,105
5,-74418.36,6614213.71,105
5,-74418.36,6614263.71,105
5,-74418.36,6614313.71,105
5,-74418.36,6614363.71,105
5,-74418.36,6614413.71,105
5,-74418.36,6614463.71,105
5,-74418.36,6614513.71,105
5,-74418.36,6614563.71,105
5,-74418.36,6614613.71,105
5,-74418.36,6614663.71,105
5,-74418.36,6614713.71,105
5,-74418.36,6614763.71,105
5,-74418.36,6614813.71,105
5,-74418.36,6614863.71,105
5,-74418.36,6614913.71,105
5,-74418.36,6614963.71,105
5,-74418.36,6615013.71,105
5,-74418.36,6615063.71,105
5,-74418.36,6615113.71,105
5,-74418.36,6615163.71,105
5,-74418.36,6615213.71,105
5,-74418.36,6615263.71,105
5,-74418.36,6615313.71,105
5,-74418.36,6615363.71,105
5,-74418.36,6615413.71,105
5,-74418.36,6615463.71,105
5,-74418.36,6615513.71,105
5,-74418.36,6615563.71,105
5,-74418.36,6615613.71,105
5,-74418.36,6615663.71,105
5,-74418.36,6615713.71,105
5,-74418.36,6615763.71,105
5,-74418.36,6615813.71,105
5,-74418.36,6615863.71,112
5,-74418.36,6615913.71,112
5,-74418.36,6615963.71,112
5,-74418.36,6616013.71,112
5,-74418.36,6616063.71,112
5,-74418.36,6616113.71,112
5,-74418.36,6616163.71,112
5,-74418.36,6616213.71,112
5,-74418.36,6616263.71,112
5,-74418.36,6616313.71,112
5,-74418.36,6616363.71,112
5,-74418.36,6616413.71,112
5,-74418.36,6616463.71,112
5,-74418.36,6616513.71,112
5,-74418.36,6616563.71,112
5,-74418.36,6616613.71,112
5,-74418.36,6616663.71,112
5,-74418.36,6616713.71,112
5,-74418.36,6616763.71,112
5,-74418.36,6616813.71,112
5,-74418.36,6616863.71,112
5,-74418.36,6616913.71,112
5,-74418.36,6616963.71,112
5,-74418.36,6617013.71,112
5,-74418.36,6617063.71,112
5,-74418.36,6617113.71,112
5,-74418.36,6617163.71,112
5,-74418.36,6617213.71,112
5,-74418.36,6617263.71,112
5,-74418.36,6617313.71,112
5,-74418.36,6617363.71,112
5,-74418.36,6617413.71,112
5,-74418.36,6617463.71,112
5,-74418.36,6617513.71,112
5,-74418.36,6617563.71,112
5,-74418.36,6617613.71,112
5,-74418.36,6617663.71,112
5,-74418.36,6617713.71,112
5,-74418.36,6617763.71,112
5,-74418.36,6617813.71,112
5,-74418.36,6617863.71,112
5,-74418.36,6617913.71,112
5,-74418.36,6617963.71,112
5,-74418.36,6618013.71,112
5,-74418.36,6618063.71,112
5,-74418.36,6618113.71,112
5,-74418.36,6618163.71,112
5,-74418.36,6618213.71,112
5,-74418.36,6618263.71,112
5,-74418.36,6618313.71,112
5,-74418.36,6618363.71,112
5,-74418.36,6618413.71,112
5,-74418.36,6618463.71,112
5,-74418.36,6618513.71,112
5,-74418.36,6618563.71,112
5,-74418.36,6618613.71,112
5,-74418.36,6618663.71,112
5,-74418.36,6618713.71,112
5,-74418.36,6618763.71,112
5,-74418.36,6618813.71,112
5,-74418.36,6618863.71,112
5,-74418.36,6618913.71,112
5,-74418.36,6618963.71,112
5,-74418.36,6619013.71,112
5,-74418.36,6619063.71,112
5,-74418.36,6619113.71,112
5,-74418.36,6619163.71,112
5,-74418.36,6619213.71,112
5,-74418.36,6619263.71,112
5,-74418.36,6619313.71,112
5,-74418.36,6619363.71,112
5,-74418.36,6619413.71,112
5,-74418.36,6619463.71,112
5,-74418.36,6619513.71,112
5,-74418.36,6619563.71,112
5,-74418.36,6619613.71,112
5,-74418.36,6619663.71,112
5,-74418.36,6619713.71,112
5,-74418.36,6619763.71,112
5,-74418.36,6619813.71,112
5,-74418.36,6619863.71,112
5,-74418.36,6619913.71,112
5,-74418.36,6619963.71,112
5,-74418.36,6620013.71,112
5,-74418.36,6620063.71,112
5,-74418.36,6620113.71,112
5,-74418.36,6620163.71,112
5,-74418.36,6620213.71,112
5,-74418.36,6620263.71,112
5,-74418.36,6620313.71,112
5,-74418.36,6620363.71,112
5,-74418.36,6620413.71,112
5,-74418.36,6620463.71,112
5,-74418.36,6620513.71,112
5,-74418.36,6620563.71,112
5,-74418.36,6620613.71,112
5,-74418.36,6620663.71,112
5,-74418.36,6620713.71,112
5,-74418.36,6620763.71,112
5,-74418.36,6620813.71,112
5,-74418.36,6620863.71,112
5,-74418.36,6620913.71,112
5,-74418.36,6620963.71,112
5,-74418.36,6621013.71,112
5,-74418.36,6621063.71,112
5,-74418.36,6621113.71,112
5,-74418.36,6621163.71,112
5,-74418.36,6621213.71,112
5,-74418.36,6621263.71,112
5,-74418.36,6621313.71,112
5,-74418.36,6621363.71,113
5,-74418.36,6621413.71,113
5,-74418.36,6621463.71,113
5,-74418.36,6621513.71,113
5,-74418.36,6621563.71,113
5,-74418.36,6621613.71,113
5,-74418.36,6621663.71,113
5,-74418.36,6621713.71,113
5,-74418.36,6621763.71,113
5,-74418.36,6621813.71,113
5,-74418.36,6621863.71,113
5,-74418.36,6621913.71,113
5,-74418.36,6621963.71,113
5,-74418.36,6622013.71,113
5,-74418.36,6622063.71,113
5,-74418.36,6622113.71,113
5,-74418.36,6622163.71,113
5,-74418.36,6622213.71,113
5,-74418.36,6622263.71,113
5,-74418.36,6622313.71,113
5,-74418.36,6622363.71,113
5,-74418.36,6622413.71,113
5,-74418.36,6622463.71,113
5,-74418.36,6622513.71,113
5,-74418.36,6622563.71,113
5,-74418.36,6622613.71,113
5,-74418.36,6622663.71,113
5,-74418.36,6622713.71,113
5,-74418.36,6622763.71,113
5,-74418.36,6622813.71,113
5,-74418.36,6622863.71,113
5,-74418.36,6622913.71,113
5,-74418.36,6622963.71,113
5,-74418.36,6623013.71,113
5,-74418.36,6623063.71,113
5,-74418.36,6623113.71,113
5,-74418.36,6623163.71,113
5,-74418.36,6623213.71,113
5,-74418.36,6623263.71,113
5,-74418.36,6623313.71,113
5,-74418.36,6623363.71,113
5,-74418.36,6623413.71,113
5,-74418.36,6623463.71,113
5,-74418.36,6623513.71,113
5,-74418.36,6623563.71,113
5,-74418.36,6623613.71,113
5,-74418.36,6623663.71,113
5,-74418.36,6623713.71,113
5,-74418.36,6623763.71,113
5,-74418.36,6623813.71,113
5,-74418.36,6623863.71,113
5,-74418.36,6623913.71,113
5,-74418.36,6623963.71,113
5,-74418.36,6624013.71,113
5,-74418.36,6624063.71,113
5,-74418.36,6624113.71,113
5,-74418.36,6624163.71,113
5,-74418.36,6624213.71,113
5,-74418.36,6624263.71,113
5,-74418.36,6624313.71,113
5,-74418.36,6624363.71,113
5,-74418.36,6624413.71,113
5,-74418.36,6624463.71,113
5,-74418.36,6624513.71,113
5,-74418.36,6624563.71,113
5,-74418.36,6624613.71,113
5,-74418.36,6624663.71,113
5,-74418.36,6624713.71,113
5,-74418.36,6624763.71,113
5,-74418.36,6624813.71,113
5,-74418.36,6624863.71,113
5,-74418.36,6624913.71,113
5,-74418.36,6624963.71,113
5,-74418.36,6625013.71,113
5,-74418.36,6625063.71,113
5,-74418.36,6625113.71,113
5,-74418.36,6625163.71,113
5,-74418.36,6625213.71,113
5,-74418.36,6625263.71,113
5,-74418.36,6625313.71,113
5,-74418.36,6625363.71,113
5,-74418.36,6625413.71,113
5,-74418.36,6625463.71,113
5,-74418.36,6625513.71,113
5,-74418.36,6625563.71,113
5,-74418.36,6625613.71,113
5,-74418.36,6625663.71,113
5,-74418.36,6625713.71,113
5,-74418.36,6625763.71,113
5,-74418.36,6625813.71,113
5,-74418.36,6625863.71,113
5,-74418.36,6625913.71,113
5,-74418.36,6625963.71,113
5,-74418.36,6626013.71,113
5,-74418.36,6626063.71,113
5,-74418.36,6626113.71,113
5,-74418.36,6626163.71,113
6,-73806.23,6623962.73,106
6,-73807.10,6623912.74,106
6,-73807.98,6623862.75,106
6,-73808.85,6623812.76,106
6,-73809.72,6623762.76,106
6,-73810.59,6623712.77,106
6,-73811.47,6623662.78,106
6,-73812.34,6623612.79,106
6,-73813.21,6623562.79,106
6,-73814.09,6623512.80,106
6,-73814.96,6623462.81,106
6,-73815.83,6623412.82,106
6,-73816.70,6623362.82,106
6,-73817.58,6623312.83,106
6,-73818.45,6623262.84,106
6,-73819.32,6623212.85,106
6,-73820.19,6623162.86,106
6,-73821.07,6623112.86,106
6,-73821.94,6623062.87,106
6,-73822.81,6623012.88,106
6,-73823.68,6622962.89,106
6,-73824.56,6622912.89,106
6,-73825.43,6622862.90,106
6,-73826.30,6622812.91,106
6,-73827.17,6622762.92,106
6,-73828.05,6622712.92,106
6,-73828.92,6622662.93,106
6,-73829.79,6622612.94,106
6,-73830.67,6622562.95,106
6,-73831.54,6622512.95,106
6,-73832.41,6622462.96,106
6,-73833.28,6622412.97,106
6,-73834.16,6622362.98,106
6,-73835.03,6622312.98,106
6,-73835.90,6622262.99,106
6,-73836.77,6622213.00,106
6,-73837.65,6622163.01,106
6,-73838.52,6622113.02,106
6,-73839.39,6622063.02,106
6,-73840.26,6622013.03,106
6,-73841.14,6621963.04,106
6,-73842.01,6621913.05,106
6,-73842.88,6621863.05,106
6,-73843.75,6621813.06,106
6,-73844.63,6621763.07,106
6,-73845.50,6621713.08,106
6,-73846.37,6621663.08,106
6,-73847.24,6621613.09,106
6,-73848.12,6621563.10,106
6,-73848.99,6621513.11,106
6,-73849.86,6621463.11,106
6,-73850.74,6621413.12,106
6,-73851.61,6621363.13,106
6,-73852.48,6621313.14,106
6,-73853.35,6621263.14,106
6,-73854.23,6621213.15,106
6,-73855.10,6621163.16,106
6,-73855.97,6621113.17,106
6,-73856.84,6621063.18,106
6,-73857.72,6621013.18,106
6,-73858.59,6620963.19,106
6,-73859.46,6620913.20,106
6,-73860.33,6620863.21,106
6,-73861.21,6620813.21,106
6,-73862.08,6620763.22,106
6,-73862.95,6620713.23,106
6,-73863.82,6620663.24,106
6,-73864.70,6620613.24,106
6,-73865.57,6620563.25,106
6,-73866.44,6620513.26,106
6,-73867.32,6620463.27,106
6,-73868.19,6620413.27,106
6,-73869.06,6620363.28,106
6,-73869.93,6620313.29,106
6,-73870.81,6620263.30,106
6,-73871.68,6620213.30,106
6,-73872.55,6620163.31,106
6,-73873.42,6620113.32,106
6,-73874.30,6620063.33,106
6,-73875.17,6620013.34,106
6,-73876.04,6619963.34,106
6,-73876.91,6619913.35,106
6,-73877.79,6619863.36,106
6,-73878.66,6619813.37,106
6,-73879.53,6619763.37,106
6,-73880.40,6619713.38,106
6,-73881.28,6619663.39,106
6,-73882.15,6619613.40,106
6,-73883.02,6619563.40,106
6,-73883.89,6619513.41,106
6,-73884.77,6619463.42,106
6,-73885.64,6619413.43,106
6,-73886.51,6619363.43,106
6,-73887.39,6619313.44,106
6,-73888.26,6619263.45,106
6,-73889.13,6619213.46,106
6,-73890.00,6619163.46,106
6,-73890.88,6619113.47,106
6,-73891.75,6619063.48,106
6,-73892.62,6619013.49,106
6,-73893.49,6618963.49,106
6,-73894.37,6618913.50,106
6,-73895.24,6618863.51,106
6,-73896.11,6618813.52,106
6,-73896.98,6618763.53,106
6,-73897.86,6618713.53,106
6,-73898.73,6618663.54,106
6,-73899.60,6618613.55,106
6,-73900.47,6618563.56,106
6,-73901.35,6618513.56,106
6,-73902.22,6618463.57,106
6,-73903.09,6618413.58,106
6,-73903.97,6618363.59,106
6,-73904.84,6618313.59,106
6,-73905.71,6618263.60,106
6,-73906.58,6618213.61,106
6,-73907.46,6618163.62,106
6,-73908.33,6618113.62,106
6,-73909.20,6618063.63,106
6,-73910.07,6618013.64,106
6,-73910.95,6617963.65,106
6,-73911.82,6617913.65,106
6,-73912.69,6617863.66,106
6,-73913.56,6617813.67,106
6,-73914.44,6617763.68,106
6,-73915.31,6617713.69,106
6,-73916.18,6617663.69,106
6,-73917.05,6617613.70,106
6,-73917.93,6617563.71,106
6,-73918.80,6617513.72,106
6,-73919.67,6617463.72,106
6,-73920.54,6617413.73,106
6,-73921.42,6617363.74,106
6,-73922.29,6617313.75,106
6,-73923.16,6617263.75,106
6,-73924.04,6617213.76,106
6,-73924.91,6617163.77,106
6,-73925.78,6617113.78,106
6,-73926.65,6617063.78,106
6,-73927.53,6617013.79,106
6,-73928.40,6616963.80,106
6,-73929.27,6616913.81,106
6,-73930.14,6616863.81,106
6,-73931.02,6616813.82,106
6,-73931.89,6616763.83,106
6,-73932.76,6616713.84,106
6,-73933.63,6616663.85,106
6,-73934.51,6616613.85,106
6,-73935.38,6616563.86,106
6,-73936.25,6616513.87,106
6,-73937.12,6616463.88,106
6,-73938.00,6616413.88,106
6,-73938.87,6616363.89,106
6,-73939.74,6616313.90,106
6,-73940.62,6616263.91,106
6,-73941.49,6616213.91,106
6,-73942.36,6616163.92,106
6,-73943.23,6616113.93,106
6,-73944.11,6616063.94,106
6,-73944.98,6616013.94,106
6,-73945.85,6615963.95,106
6,-73946.72,6615913.96,106
6,-73947.60,6615863.97,106
6,-73948.47,6615813.97,106
6,-73949.34,6615763.98,106
6,-73950.21,6615713.99,106
6,-73951.09,6615664.00,106
6,-73951.96,6615614.01,106
6,-73952.83,6615564.01,106
6,-73953.70,6615514.02,106
6,-73954.58,6615464.03,106
6,-73955.45,6615414.04,106
6,-73956.32,6615364.04,106
6,-73957.19,6615314.05,106
6,-73958.07,6615264.06,106
6,-73958.94,6615214.07,106
6,-73959.81,6615164.07,106
6,-73960.69,6615114.08,106
6,-73961.56,6615064.09,106
6,-73962.43,6615014.10,106
6,-73963.30,6614964.10,106
6,-73964.18,6614914.11,106
6,-73965.05,6614864.12,106
6,-73965.92,6614814.13,106
6,-73966.79,6614764.13,106
6,-73967.67,6614714.14,106
6,-73968.54,6614664.15,106
6,-73969.41,6614614.16,106
6,-73970.28,6614564.17,106
6,-73971.16,6614514.17,106
6,-73972.03,6614464.18,106
6,-73972.90,6614414.19,106
6,-73973.77,6614364.20,106
6,-73974.65,6614314.20,106
6,-73975.52,6614264.21,106
6,-73976.39,6614214.22,106
6,-73977.27,6614164.23,106
6,-73978.14,6614114.23,106
6,-73979.01,6614064.24,106
6,-73979.88,6614014.25,106
6,-73980.76,6613964.26,106
6,-73981.63,6613914.26,106
6,-73982.50,6613864.27,106
6,-73983.37,6613814.28,106
6,-73984.25,6613764.29,106
6,-73985.12,6613714.29,106
6,-73985.99,6613664.30,106
6,-73986.86,6613614.31,106
6,-73987.74,6613564.32,106
6,-73988.61,6613514.33,106
6,-73989.48,6613464.33,106
6,-73990.35,6613414.34,106
6,-73991.23,6613364.35,106
6,-73992.10,6613314.36,106
6,-73992.97,6613264.36,106
6,-73993.85,6613214.37,106
6,-73994.72,6613164.38,106
6,-73995.59,6613114.39,106
6,-73996.46,6613064.39,106
6,-73997.34,6613014.40,106
6,-73998.21,6612964.41,106
6,-73999.08,6612914.42,106
6,-73999.95,6612864.42,106
6,-74000.83,6612814.43,106
6,-74001.70,6612764.44,106
6,-74002.57,6612714.45,106
6,-74003.44,6612664.45,106
6,-74004.32,6612614.46,106
6,-74005.19,6612564.47,106
6,-74006.06,6612514.48,106
6,-74006.93,6612464.48,106
6,-74007.81,6612414.49,106
6,-74008.68,6612364.50,106
6,-74009.55,6612314.51,106
6,-74010.42,6612264.52,106
6,-74011.30,6612214.52,106
6,-74012.17,6612164.53,106
6,-74013.04,6612114.54,106
6,-74013.92,6612064.55,106
6,-74014.79,6612014.55,106
6,-74015.66,6611964.56,106
6,-74016.53,6611914.57,106
6,-74017.41,6611864.58,106
6,-74018.28,6611814.58,106
6,-74019.15,6611764.59,106
6,-74020.02,6611714.60,106
6,-74020.90,6611664.61,106
6,-74021.77,6611614.61,106
6,-74022.64,6611564.62,106
6,-74023.51,6611514.63,106
6,-74024.39,6611464.64,106
6,-74025.26,6611414.64,106
6,-74026.13,6611364.65,106
6,-74027.00,6611314.66,106
6,-74027.88,6611264.67,106
6,-74028.75,6611214.68,106
6,-74029.62,6611164.68,106
6,-74030.50,6611114.69,106
7,-73418.36,6611563.71,107
7,-73418.36,6611613.71,107
7,-73418.36,6611663.71,107
7,-73418.36,6611713.71,107
7,-73418.36,6611763.71,107
7,-73418.36,6611813.71,107
7,-73418.36,6611863.71,107
7,-73418.36,6611913.71,107
7,-73418.36,6611963.71,107
7,-73418.36,6612013.71,107
7,-73418.36,6612063.71,107
7,-73418.36,6612113.71,107
7,-73418.36,6612163.71,107
7,-73418.36,6612213.71,107
7,-73418.36,6612263.71,107
7,-73418.36,6612313.71,107
7,-73418.36,6612363.71,107
7,-73418.36,6612413.71,107
7,-73418.36,6612463.71,107
7,-73418.36,6612513.71,107
7,-73418.36,6612563.71,107
7,-73418.36,6612613.71,107
7,-73418.36,6612663.71,107
7,-73418.36,6612713.71,107
7,-73418.36,6612763.71,107
7,-73418.36,6612813.71,107
7,-73418.36,6612863.71,107
7,-73418.36,6612913.71,107
7,-73418.36,6612963.71,107
7,-73418.36,6613013.71,107
7,-73418.36,6613063.71,107
7,-73418.36,6613113.71,107
7,-73418.36,6613163.71,107
7,-73418.36,6613213.71,107
7,-73418.36,6613263.71,107
7,-73418.36,6613313.71,107
7,-73418.36,6613363.71,107
7,-73418.36,6613413.71,107
7,-73418.36,6613463.71,107
7,-73418.36,6613513.71,107
7,-73418.36,6613563.71,107
7,-73418.36,6613613.71,107
7,-73418.36,6613663.71,107
7,-73418.36,6613713.71,107
7,-73418.36,6613763.71,107
7,-73418.36,6613813.71,107
7,-73418.36,6613863.71,107
7,-73418.36,6613913.71,107
7,-73418.36,6613963.71,107
7,-73418.36,6614013.71,107
7,-73418.36,6614063.71,107
7,-73418.36,6614113.71,107
7,-73418.36,6614163.71,107
7,-73418.36,6614213.71,107
7,-73418.36,6614263.71,107
7,-73418.36,6614313.71,107
7,-73418.36,6614363.71,107
7,-73418.36,6614413.71,107
7,-73418.36,6614463.71,107
7,-73418.36,6614513.71,107
7,-73418.36,6614563.71,107
7,-73418.36,6614613.71,107
7,-73418.36,6614663.71,107
7,-73418.36,6614713.71,107
7,-73418.36,6614763.71,107
7,-73418.36,6614813.71,107
7,-73418.36,6614863.71,107
7,-73418.36,6614913.71,107
7,-73418.36,6614963.71,107
7,-73418.36,6615013.71,107
7,-73418.36,6615063.71,107
7,-73418.36,6615113.71,107
7,-73418.36,6615163.71,107
7,-73418.36,6615213.71,107
7,-73418.36,6615263.71,107
7,-73418.36,6615313.71,107
7,-73418.36,6615363.71,107
7,-73418.36,6615413.71,107
7,-73418.36,6615463.71,107
7,-73418.36,6615513.71,107
7,-73418.36,6615563.71,107
7,-73418.36,6615613.71,107
7,-73418.36,6615663.71,107
7,-73418.36,6615713.71,107
7,-73418.36,6615763.71,107
7,-73418.36,6615813.71,107
7,-73418.36,6615863.71,107
7,-73418.36,6615913.71,107
7,-73418.36,6615963.71,107
7,-73418.36,6616013.71,107
7,-73418.36,6616063.71,107
7,-73418.36,6616113.71,107
7,-73418.36,6616163.71,107
7,-73418.36,6616213.71,107
7,-73418.36,6616263.71,107
7,-73418.36,6616313.71,107
7,-73418.36,6616363.71,107
7,-73418.36,6616413.71,107
7,-73418.36,6616463.71,107
7,-73418.36,6616513.71,107
7,-73418.36,6616563.71,107
7,-73418.36,6616613.71,107
7,-73418.36,6616663.71,107
7,-73418.36,6616713.71,107
7,-73418.36,6616763.71,107
7,-73418.36,6616813.71,107
7,-73418.36,6616863.71,107
7,-73418.36,6616913.71,107
7,-73418.36,6616963.71,107
7,-73418.36,6617013.71,107
7,-73418.36,6617063.71,107
7,-73418.36,6617113.71,107
7,-73418.36,6617163.71,107
7,-73418.36,6617213.71,107
7,-73418.36,6617263.71,107
7,-73418.36,6617313.71,107
7,-73418.36,6617363.71,107
7,-73418.36,6617413.71,107
7,-73418.36,6617463.71,107
7,-73418.36,6617513.71,107
7,-73418.36,6617563.71,107
7,-73418.36,6617613.71,107
7,-73418.36,6617663.71,107
7,-73418.36,6617713.71,107
7,-73418.36,6617763.71,107
7,-73418.36,6617813.71,107
7,-73418.36,6617863.71,107
7,-73418.36,6617913.71,107
7,-73418.36,6617963.71,107
7,-73418.36,6618013.71,107
7,-73418.36,6618063.71,107
7,-73418.36,6618113.71,107
7,-73418.36,6618163.71,107
7,-73418.36,6618213.71,107
7,-73418.36,6618263.71,107
7,-73418.36,6618313.71,107
7,-73418.36,6618363.71,107
7,-73418.36,6618413.71,107
7,-73418.36,6618463.71,107
7,-73418.36,6618513.71,107
7,-73418.36,6618563.71,107
7,-73418.36,6618613.71,107
7,-73418.36,6618663.71,107
7,-73418.36,6618713.71,107
7,-73418.36,6618763.71,107
7,-73418.36,6618813.71,107
7,-73418.36,6618863.71,107
7,-73418.36,6618913.71,107
7,-73418.36,6618963.71,107
7,-73418.36,6619013.71,107
7,-73418.36,6619063.71,107
7,-73418.36,6619113.71,107
7,-73418.36,6619163.71,107
7,-73418.36,6619213.71,107
7,-73418.36,6619263.71,107
7,-73418.36,6619313.71,107
7,-73418.36,6619363.71,107
7,-73418.36,6619413.71,107
7,-73418.36,6619463.71,107
7,-73418.36,6619513.71,107
7,-73418.36,6619563.71,107
7,-73418.36,6619613.71,107
7,-73418.36,6619663.71,107
7,-73418.36,6619713.71,107
7,-73418.36,6619763.71,107
7,-73418.36,6619813.71,107
7,-73418.36,6619863.71,107
7,-73418.36,6619913.71,107
7,-73418.36,6619963.71,107
7,-73418.36,6620013.71,107
7,-73418.36,6620063.71,107
7,-73418.36,6620113.71,107
7,-73418.36,6620163.71,107
7,-73418.36,6620213.71,107
7,-73418.36,6620263.71,107
7,-73418.36,6620313.71,107
7,-73418.36,6620363.71,107
7,-73418.36,6620413.71,107
7,-73418.36,6620463.71,107
7,-73418.36,6620513.71,107
7,-73418.36,6620563.71,107
7,-73418.36,6620613.71,107
7,-73418.36,6620663.71,107
7,-73418.36,6620713.71,107
7,-73418.36,6620763.71,107
7,-73418.36,6620813.71,107
7,-73418.36,6620863.71,107
7,-73418.36,6620913.71,107
7,-73418.36,6620963.71,107
7,-73418.36,6621013.71,107
7,-73418.36,6621063.71,107
7,-73418.36,6621113.71,107
7,-73418.36,6621163.71,107
7,-73418.36,6621213.71,107
7,-73418.36,6621263.71,107
7,-73418.36,6621313.71,107
7,-73418.36,6621363.71,107
7,-73418.36,6621413.71,107
7,-73418.36,6621463.71,107
7,-73418.36,6621513.71,107
7,-73418.36,6621563.71,107
7,-73418.36,6621613.71,107
7,-73418.36,6621663.71,107
7,-73418.36,6621713.71,107
7,-73418.36,6621763.71,107
7,-73418.36,6621813.71,107
7,-73418.36,6621863.71,107
7,-73418.36,6621913.71,107
7,-73418.36,6621963.71,107
7,-73418.36,6622013.71,107
7,-73418.36,6622063.71,107
7,-73418.36,6622113.71,107
7,-73418.36,6622163.71,107
7,-73418.36,6622213.71,107
7,-73418.36,6622263.71,107
7,-73418.36,6622313.71,107
7,-73418.36,6622363.71,107
7,-73418.36,6622413.71,107
7,-73418.36,6622463.71,107
7,-73418.36,6622513.71,107
7,-73418.36,6622563.71,107
7,-73418.36,6622613.71,107
7,-73418.36,6622663.71,107
7,-73418.36,6622713.71,107
7,-73418.36,6622763.71,107
7,-73418.36,6622813.71,107
7,-73418.36,6622863.71,107
7,-73418.36,6622913.71,107
7,-73418.36,6622963.71,107
7,-73418.36,6623013.71,107
7,-73418.36,6623063.71,107
7,-73418.36,6623113.71,107
7,-73418.36,6623163.71,107
7,-73418.36,6623213.71,107
7,-73418.36,6623263.71,107
7,-73418.36,6623313.71,107
7,-73418.36,6623363.71,107
7,-73418.36,6623413.71,107
7,-73418.36,6623463.71,107
7,-73418.36,6623513.71,107
7,-73418.36,6623563.71,107
7,-73418.36,6623613.71,107
7,-73418.36,6623663.71,107
7,-73418.36,6623713.71,107
7,-73418.36,6623763.71,107
7,-73418.36,6623813.71,107
7,-73418.36,6623863.71,107
7,-73418.36,6623913.71,107
7,-73418.36,6623963.71,107
7,-73418.36,6624013.71,107
7,-73418.36,6624063.71,107
7,-73418.36,6624113.71,107
7,-73418.36,6624163.71,107
7,-73418.36,6624213.71,107
7,-73418.36,6624263.71,107
7,-73418.36,6624313.71,107
7,-73418.36,6624363.71,107
7,-73418.36,6624413.71,107
7,-73418.36,6624463.71,107
7,-73418.36,6624513.71,107
7,-73418.36,6624563.71,107
7,-73418.36,6624613.71,107
7,-73418.36,6624663.71,107
7,-73418.36,6624713.71,107
7,-73418.36,6624763.71,107
7,-73418.36,6624813.71,107
7,-73418.36,6624863.71,107
7,-73418.36,6624913.71,107
8,-72750.18,6624311.51,108
8,-72751.49,6624261.53,108
8,-72752.79,6624211.54,108
8,-72754.10,6624161.56,108
8,-72755.41,6624111.58,108
8,-72756.72,6624061.60,108
8,-72758.03,6624011.61,108
8,-72759.34,6623961.63,108
8,-72760.65,6623911.65,108
8,-72761.96,6623861.66,108
8,-72763.26,6623811.68,108
8,-72764.57,6623761.70,108
8,-72765.88,6623711.72,108
8,-72767.19,6623661.73,108
8,-72768.50,6623611.75,108
8,-72769.81,6623561.77,108
8,-72771.12,6623511.78,108
8,-72772.43,6623461.80,108
8,-72773.74,6623411.82,108
8,-72775.04,6623361.84,108
8,-72776.35,6623311.85,108
8,-72777.66,6623261.87,108
8,-72778.97,6623211.89,108
8,-72780.28,6623161.90,108
8,-72781.59,6623111.92,108
8,-72782.90,6623061.94,108
8,-72784.21,6623011.96,108
8,-72785.52,6622961.97,108
8,-72786.82,6622911.99,108
8,-72788.13,6622862.01,108
8,-72789.44,6622812.02,108
8,-72790.75,6622762.04,108
8,-72792.06,6622712.06,108
8,-72793.37,6622662.08,108
8,-72794.68,6622612.09,108
8,-72795.99,6622562.11,108
8,-72797.29,6622512.13,108
8,-72798.60,6622462.14,108
8,-72799.91,6622412.16,108
8,-72801.22,6622362.18,108
8,-72802.53,6622312.20,108
8,-72803.84,6622262.21,108
8,-72805.15,6622212.23,108
8,-72806.46,6622162.25,108
8,-72807.77,6622112.26,108
8,-72809.07,6622062.28,108
8,-72810.38,6622012.30,108
8,-72811.69,6621962.32,108
8,-72813.00,6621912.33,108
8,-72814.31,6621862.35,108
8,-72815.62,6621812.37,108
8,-72816.93,6621762.38,108
8,-72818.24,6621712.40,108
8,-72819.55,6621662.42,108
8,-72820.85,6621612.44,108
8,-72822.16,6621562.45,108
8,-72823.47,6621512.47,108
8,-72824.78,6621462.49,108
8,-72826.09,6621412.50,108
8,-72827.40,6621362.52,108
8,-72828.71,6621312.54,108
8,-72830.02,6621262.56,108
8,-72831.33,6621212.57,108
8,-72832.63,6621162.59,108
8,-72833.94,6621112.61,108
8,-72835.25,6621062.62,108
8,-72836.56,6621012.64,108
8,-72837.87,6620962.66,108
8,-72839.18,6620912.68,108
8,-72840.49,6620862.69,108
8,-72841.80,6620812.71,108
8,-72843.10,6620762.73,108
8,-72844.41,6620712.74,108
8,-72845.72,6620662.76,108
8,-72847.03,6620612.78,108
8,-72848.34,6620562.80,108
8,-72849.65,6620512.81,108
8,-72850.96,6620462.83,108
8,-72852.27,6620412.85,108
8,-72853.58,6620362.86,108
8,-72854.88,6620312.88,108
8,-72856.19,6620262.90,108
8,-72857.50,6620212.92,108
8,-72858.81,6620162.93,108
8,-72860.12,6620112.95,108
8,-72861.43,6620062.97,108
8,-72862.74,6620012.98,108
8,-72864.05,6619963.00,108
8,-72865.36,6619913.02,108
8,-72866.66,6619863.04,108
8,-72867.97,6619813.05,108
8,-72869.28,6619763.07,108
8,-72870.59,6619713.09,108
8,-72871.90,6619663.10,108
8,-72873.21,6619613.12,108
8,-72874.52,6619563.14,108
8,-72875.83,6619513.16,108
8,-72877.13,6619463.17,108
8,-72878.44,6619413.19,108
8,-72879.75,6619363.21,108
8,-72881.06,6619313.22,108
8,-72882.37,6619263.24,108
8,-72883.68,6619213.26,108
8,-72884.99,6619163.28,108
8,-72886.30,6619113.29,108
8,-72887.61,6619063.31,108
8,-72888.91,6619013.33,108
8,-72890.22,6618963.34,108
8,-72891.53,6618913.36,108
8,-72892.84,6618863.38,108
8,-72894.15,6618813.40,108
8,-72895.46,6618763.41,108
8,-72896.77,6618713.43,108
8,-72898.08,6618663.45,108
8,-72899.39,6618613.46,108
8,-72900.69,6618563.48,108
8,-72902.00,6618513.50,108
8,-72903.31,6618463.51,108
8,-72904.62,6618413.53,108
8,-72905.93,6618363.55,108
8,-72907.24,6618313.57,108
8,-72908.55,6618263.58,108
8,-72909.86,6618213.60,108
8,-72911.16,6618163.62,108
8,-72912.47,6618113.63,108
8,-72913.78,6618063.65,108
8,-72915.09,6618013.67,108
8,-72916.40,6617963.69,108
8,-72917.71,6617913.70,108
8,-72919.02,6617863.72,108
8,-72920.33,6617813.74,108
8,-72921.64,6617763.75,108
8,-72922.94,6617713.77,108
8,-72924.25,6617663.79,108
8,-72925.56,6617613.81,108
8,-72926.87,6617563.82,108
8,-72928.18,6617513.84,108
8,-72929.49,6617463.86,108
8,-72930.80,6617413.87,108
8,-72932.11,6617363.89,108
8,-72933.42,6617313.91,108
8,-72934.72,6617263.93,108
8,-72936.03,6617213.94,108
8,-72937.34,6617163.96,108
8,-72938.65,6617113.98,108
8,-72939.96,6617063.99,108
8,-72941.27,6617014.01,108
8,-72942.58,6616964.03,108
8,-72943.89,6616914.05,108
8,-72945.19,6616864.06,108
8,-72946.50,6616814.08,108
8,-72947.81,6616764.10,108
8,-72949.12,6616714.11,108
8,-72950.43,6616664.13,108
8,-72951.74,6616614.15,108
8,-72953.05,6616564.17,108
8,-72954.36,6616514.18,108
8,-72955.67,6616464.20,108
8,-72956.97,6616414.22,108
8,-72958.28,6616364.23,108
8,-72959.59,6616314.25,108
8,-72960.90,6616264.27,108
8,-72962.21,6616214.29,108
8,-72963.52,6616164.30,108
8,-72964.83,6616114.32,108
8,-72966.14,6616064.34,108
8,-72967.45,6616014.35,108
8,-72968.75,6615964.37,108
8,-72970.06,6615914.39,108
8,-72971.37,6615864.41,108
8,-72972.68,6615814.42,108
8,-72973.99,6615764.44,108
8,-72975.30,6615714.46,108
8,-72976.61,6615664.47,108
8,-72977.92,6615614.49,108
8,-72979.22,6615564.51,108
8,-72980.53,6615514.53,108
8,-72981.84,6615464.54,108
8,-72983.15,6615414.56,108
8,-72984.46,6615364.58,108
8,-72985.77,6615314.59,108
8,-72987.08,6615264.61,108
8,-72988.39,6615214.63,108
8,-72989.70,6615164.65,108
8,-72991.00,6615114.66,108
8,-72992.31,6615064.68,108
8,-72993.62,6615014.70,108
8,-72994.93,6614964.71,108
8,-72996.24,6614914.73,108
8,-72997.55,6614864.75,108
8,-72998.86,6614814.77,108
8,-73000.17,6614764.78,108
8,-73001.48,6614714.80,108
8,-73002.78,6614664.82,108
8,-73004.09,6614614.83,108
8,-73005.40,6614564.85,108
8,-73006.71,6614514.87,108
8,-73008.02,6614464.89,108
8,-73009.33,6614414.90,108
8,-73010.64,6614364.92,108
8,-73011.95,6614314.94,108
8,-73013.25,6614264.95,108
8,-73014.56,6614214.97,108
8,-73015.87,6614164.99,108
8,-73017.18,6614115.01,108
8,-73018.49,6614065.02,108
8,-73019.80,6614015.04,108
8,-73021.11,6613965.06,108
8,-73022.42,6613915.07,108
8,-73023.73,6613865.09,108
8,-73025.03,6613815.11,108
8,-73026.34,6613765.13,108
8,-73027.65,6613715.14,108
8,-73028.96,6613665.16,108
8,-73030.27,6613615.18,108
8,-73031.58,6613565.19,108
8,-73032.89,6613515.21,108
8,-73034.20,6613465.23,108
8,-73035.51,6613415.25,108
8,-73036.81,6613365.26,108
8,-73038.12,6613315.28,108
8,-73039.43,6613265.30,108
8,-73040.74,6613215.31,108
8,-73042.05,6613165.33,108
8,-73043.36,6613115.35,108
8,-73044.67,6613065.37,108
8,-73045.98,6613015.38,108
8,-73047.28,6612965.40,108
8,-73048.59,6612915.42,108
8,-73049.90,6612865.43,108
8,-73051.21,6612815.45,108
8,-73052.52,6612765.47,108
8,-73053.83,6612715.49,108
8,-73055.14,6612665.50,108
8,-73056.45,6612615.52,108
8,-73057.76,6612565.54,108
8,-73059.06,6612515.55,108
8,-73060.37,6612465.57,108
8,-73061.68,6612415.59,108
8,-73062.99,6612365.61,108
8,-73064.30,6612315.62,108
8,-73065.61,6612265.64,108
8,-73066.92,6612215.66,108
8,-73068.23,6612165.67,108
8,-73069.54,6612115.69,108
8,-73070.84,6612065.71,108
8,-73072.15,6612015.73,108
8,-73073.46,6611965.74,108
8,-73074.77,6611915.76,108
8,-73076.08,6611865.78,108
8,-73077.39,6611815.79,108
8,-73078.70,6611765.81,108
8,-73080.01,6611715.83,108
8,-73081.31,6611665.85,108
8,-73082.62,6611615.86,108
8,-73083.93,6611565.88,108
8,-73085.24,6611515.90,108
8,-73086.55,6611465.91,108
9,-72418.36,6610413.71,109
9,-72418.36,6610463.71,109
9,-72418.36,6610513.71,109
9,-72418.36,6610563.71,109
9,-72418.36,6610613.71,109
9,-72418.36,6610663.71,109
9,-72418.36,6610713.71,109
9,-72418.36,6610763.71,109
9,-72418.36,6610813.71,109
9,-72418.36,6610863.71,109
9,-72418.36,6610913.71,109
9,-72418.36,6610963.71,109
9,-72418.36,6611013.71,109
9,-72418.36,6611063.71,109
9,-72418.36,6611113.71,109
9,-72418.36,6611163.71,109
9,-72418.36,6611213.71,109
9,-72418.36,6611263.71,109
9,-72418.36,6611313.71,109
9,-72418.36,6611363.71,109
9,-72418.36,6611413.71,109
9,-72418.36,6611463.71,109
9,-72418.36,6611513.71,109
9,-72418.36,6611563.71,109
9,-72418.36,6611613.71,109
9,-72418.36,6611663.71,109
9,-72418.36,6611713.71,109
9,-72418.36,6611763.71,109
9,-72418.36,6611813.71,109
9,-72418.36,6611863.71,109
9,-72418.36,6611913.71,109
9,-72418.36,6611963.71,109
9,-72418.36,6612013.71,109
9,-72418.36,6612063.71,109
9,-72418.36,6612113.71,109
9,-72418.36,6612163.71,109
9,-72418.36,6612213.71,109
9,-72418.36,6612263.71,109
9,-72418.36,6612313.71,109
9,-72418.36,6612363.71,109
9,-72418.36,6612413.71,109
9,-72418.36,6612463.71,109
9,-72418.36,6612513.71,109
9,-72418.36,6612563.71,109
9,-72418.36,6612613.71,109
9,-72418.36,6612663.71,109
9,-72418.36,6612713.71,109
9,-72418.36,6612763.71,109
9,-72418.36,6612813.71,109
9,-72418.36,6612863.71,109
9,-72418.36,6612913.71,109
9,-72418.36,6612963.71,109
9,-72418.36,6613013.71,109
9,-72418.36,6613063.71,109
9,-72418.36,6613113.71,109
9,-72418.36,6613163.71,109
9,-72418.36,6613213.71,109
9,-72418.36,6613263.71,109
9,-72418.36,6613313.71,109
9,-72418.36,6613363.71,109
9,-72418.36,6613413.71,109
9,-72418.36,6613463.71,109
9,-72418.36,6613513.71,109
9,-72418.36,6613563.71,109
9,-72418.36,6613613.71,109
9,-72418.36,6613663.71,109
9,-72418.36,6613713.71,109
9,-72418.36,6613763.71,109
9,-72418.36,6613813.71,109
9,-72418.36,6613863.71,109
9,-72418.36,6613913.71,109
9,-72418.36,6613963.71,109
9,-72418.36,6614013.71,109
9,-72418.36,6614063.71,109
9,-72418.36,6614113.71,109
9,-72418.36,6614163.71,109
9,-72418.36,6614213.71,109
9,-72418.36,6614263.71,109
9,-72418.36,6614313.71,109
9,-72418.36,6614363.71,109
9,-72418.36,6614413.71,109
9,-72418.36,6614463.71,109
9,-72418.36,6614513.71,109
9,-72418.36,6614563.71,109
9,-72418.36,6614613.71,109
9,-72418.36,6614663.71,109
9,-72418.36,6614713.71,109
9,-72418.36,6614763.71,109
9,-72418.36,6614813.71,109
9,-72418.36,6614863.71,109
9,-72418.36,6614913.71,109
9,-72418.36,6614963.71,109
9,-72418.36,6615013.71,109
9,-72418.36,6615063.71,109
9,-72418.36,6615113.71,109
9,-72418.36,6615163.71,109
9,-72418.36,6615213.71,109
9,-72418.36,6615263.71,109
9,-72418.36,6615313.71,109
9,-72418.36,6615363.71,109
9,-72418.36,6615413.71,109
9,-72418.36,6615463.71,109
9,-72418.36,6615513.71,109
9,-72418.36,6615563.71,109
9,-72418.36,6615613.71,109
9,-72418.36,6615663.71,109
9,-72418.36,6615713.71,109
9,-72418.36,6615763.71,109
9,-72418.36,6615813.71,109
9,-72418.36,6615863.71,109
9,-72418.36,6615913.71,109
9,-72418.36,6615963.71,109
9,-72418.36,6616013.71,109
9,-72418.36,6616063.71,109
9,-72418.36,6616113.71,109
9,-72418.36,6616163.71,109
9,-72418.36,6616213.71,109
9,-72418.36,6616263.71,109
9,-72418.36,6616313.71,109
9,-72418.36,6616363.71,109
9,-72418.36,6616413.71,109
9,-72418.36,6616463.71,109
9,-72418.36,6616513.71,109
9,-72418.36,6616563.71,109
9,-72418.36,6616613.71,109
9,-72418.36,6616663.71,109
9,-72418.36,6616713.71,109
9,-72418.36,6616763.71,109
9,-72418.36,6616813.71,109
9,-72418.36,6616863.71,109
9,-72418.36,6616913.71,109
9,-72418.36,6616963.71,109
9,-72418.36,6617013.71,109
9,-72418.36,6617063.71,109
9,-72418.36,6617113.71,109
9,-72418.36,6617163.71,109
9,-72418.36,6617213.71,109
9,-72418.36,6617263.71,109
9,-72418.36,6617313.71,109
9,-72418.36,6617363.71,109
9,-72418.36,6617413.71,109
9,-72418.36,6617463.71,109
9,-72418.36,6617513.71,109
9,-72418.36,6617563.71,109
9,-72418.36,6617613.71,109
9,-72418.36,6617663.71,109
9,-72418.36,6617713.71,109
9,-72418.36,6617763.71,109
9,-72418.36,6617813.71,109
9,-72418.36,6617863.71,109
9,-72418.36,6617913.71,109
9,-72418.36,6617963.71,109
9,-72418.36,6618013.71,109
9,-72418.36,6618063.71,109
9,-72418.36,6618113.71,109
9,-72418.36,6618163.71,109
9,-72418.36,6618213.71,109
9,-72418.36,6618263.71,109
9,-72418.36,6618313.71,109
9,-72418.36,6618363.71,109
9,-72418.36,6618413.71,109
9,-72418.36,6618463.71,109
9,-72418.36,6618513.71,109
9,-72418.36,6618563.71,109
9,-72418.36,6618613.71,109
9,-72418.36,6618663.71,109
9,-72418.36,6618713.71,109
9,-72418.36,6618763.71,109
9,-72418.36,6618813.71,109
9,-72418.36,6618863.71,109
9,-72418.36,6618913.71,109
9,-72418.36,6618963.71,109
9,-72418.36,6619013.71,109
9,-72418.36,6619063.71,109
9,-72418.36,6619113.71,109
9,-72418.36,6619163.71,109
9,-72418.36,6619213.71,109
9,-72418.36,6619263.71,109
9,-72418.36,6619313.71,109
9,-72418.36,6619363.71,109
9,-72418.36,6619413.71,109
9,-72418.36,6619463.71,109
9,-72418.36,6619513.71,109
9,-72418.36,6619563.71,109
9,-72418.36,6619613.71,109
9,-72418.36,6619663.71,109
9,-72418.36,6619713.71,109
9,-72418.36,6619763.71,109
9,-72418.36,6619813.71,109
9,-72418.36,6619863.71,109
9,-72418.36,6619913.71,109
9,-72418.36,6619963.71,109
9,-72418.36,6620013.71,109
9,-72418.36,6620063.71,109
9,-72418.36,6620113.71,109
9,-72418.36,6620163.71,109
9,-72418.36,6620213.71,109
9,-72418.36,6620263.71,109
9,-72418.36,6620313.71,109
9,-72418.36,6620363.71,109
9,-72418.36,6620413.71,109
9,-72418.36,6620463.71,109
9,-72418.36,6620513.71,109
9,-72418.36,6620563.71,109
9,-72418.36,6620613.71,109
9,-72418.36,6620663.71,109
9,-72418.36,6620713.71,109
9,-72418.36,6620763.71,109
9,-72418.36,6620813.71,109
9,-72418.36,6620863.71,109
9,-72418.36,6620913.71,109
9,-72418.36,6620963.71,109
9,-72418.36,6621013.71,109
9,-72418.36,6621063.71,109
9,-72418.36,6621113.71,109
9,-72418.36,6621163.71,109
9,-72418.36,6621213.71,109
9,-72418.36,6621263.71,109
9,-72418.36,6621313.71,109
9,-72418.36,6621363.71,109
9,-72418.36,6621413.71,109
9,-72418.36,6621463.71,109
9,-72418.36,6621513.71,109
9,-72418.36,6621563.71,109
9,-72418.36,6621613.71,109
9,-72418.36,6621663.71,109
9,-72418.36,6621713.71,109
9,-72418.36,6621763.71,109
9,-72418.36,6621813.71,109
9,-72418.36,6621863.71,109
9,-72418.36,6621913.71,109
9,-72418.36,6621963.71,109
9,-72418.36,6622013.71,109
9,-72418.36,6622063.71,109
9,-72418.36,6622113.71,109
9,-72418.36,6622163.71,109
9,-72418.36,6622213.71,109
9,-72418.36,6622263.71,109
9,-72418.36,6622313.71,109
9,-72418.36,6622363.71,109
9,-72418.36,6622413.71,109
9,-72418.36,6622463.71,109
9,-72418.36,6622513.71,109
9,-72418.36,6622563.71,109
9,-72418.36,6622613.71,109
9,-72418.36,6622663.71,109
9,-72418.36,6622713.71,109
9,-72418.36,6622763.71,109
9,-72418.36,6622813.71,109
9,-72418.36,6622863.71,109
9,-72418.36,6622913.71,109
9,-72418.36,6622963.71,109
9,-72418.36,6623013.71,109
9,-72418.36,6623063.71,109
9,-72418.36,6623113.71,109
9,-72418.36,6623163.71,109
9,-72418.36,6623213.71,109
9,-72418.36,6623263.71,109
9,-72418.36,6623313.71,109
9,-72418.36,6623363.71,109
9,-72418.36,6623413.71,109
9,-72418.36,6623463.71,109
9,-72418.36,6623513.71,109
9,-72418.36,6623563.71,109
9,-72418.36,6623613.71,109
9,-72418.36,6623663.71,109
9,-72418.36,6623713.71,109
10,-71770.90,6623127.04,111
10,-71772.03,6623077.05,111
10,-71773.16,6623027.06,111
10,-71774.30,6622977.08,111
10,-71775.43,6622927.09,111
10,-71776.57,6622877.10,111
10,-71777.70,6622827.12,111
10,-71778.84,6622777.13,111
10,-71779.97,6622727.14,111
10,-71781.10,6622677.15,111
10,-71782.24,6622627.17,111
10,-71783.37,6622577.18,111
10,-71784.51,6622527.19,111
10,-71785.64,6622477.21,111
10,-71786.78,6622427.22,111
10,-71787.91,6622377.23,111
10,-71789.05,6622327.24,111
10,-71790.18,6622277.26,111
10,-71791.31,6622227.27,111
10,-71792.45,6622177.28,111
10,-71793.58,6622127.30,111
10,-71794.72,6622077.31,111
10,-71795.85,6622027.32,111
10,-71796.99,6621977.33,111
10,-71798.12,6621927.35,111
10,-71799.25,6621877.36,111
10,-71800.39,6621827.37,111
10,-71801.52,6621777.39,111
10,-71802.66,6621727.40,111
10,-71803.79,6621677.41,111
10,-71804.93,6621627.43,111
10,-71806.06,6621577.44,111
10,-71807.20,6621527.45,111
10,-71808.33,6621477.46,111
10,-71809.46,6621427.48,111
10,-71810.60,6621377.49,111
10,-71811.73,6621327.50,111
10,-71812.87,6621277.52,111
10,-71814.00,6621227.53,111
10,-71815.14,6621177.54,111
10,-71816.27,6621127.55,111
10,-71817.40,6621077.57,111
10,-71818.54,6621027.58,111
10,-71819.67,6620977.59,111
10,-71820.81,6620927.61,111
10,-71821.94,6620877.62,111
10,-71823.08,6620827.63,111
10,-71824.21,6620777.64,111
10,-71825.35,6620727.66,111
10,-71826.48,6620677.67,111
10,-71827.61,6620627.68,111
10,-71828.75,6620577.70,111
10,-71829.88,6620527.71,111
10,-71831.02,6620477.72,111
10,-71832.15,6620427.73,111
10,-71833.29,6620377.75,111
10,-71834.42,6620327.76,111
10,-71835.55,6620277.77,111
10,-71836.69,6620227.79,111
10,-71837.82,6620177.80,111
10,-71838.96,6620127.81,111
10,-71840.09,6620077.82,111
10,-71841.23,6620027.84,111
10,-71842.36,6619977.85,111
10,-71843.50,6619927.86,111
10,-71844.63,6619877.88,111
10,-71845.76,6619827.89,111
10,-71846.90,6619777.90,111
10,-71848.03,6619727.91,111
10,-71849.17,6619677.93,111
10,-71850.30,6619627.94,111
10,-71851.44,6619577.95,111
10,-71852.57,6619527.97,111
10,-71853.70,6619477.98,111
10,-71854.84,6619427.99,111
10,-71855.97,6619378.00,111
10,-71857.11,6619328.02,111
10,-71858.24,6619278.03,111
10,-71859.38,6619228.04,111
10,-71860.51,6619178.06,111
10,-71861.65,6619128.07,111
10,-71862.78,6619078.08,111
10,-71863.91,6619028.09,111
10,-71865.05,6618978.11,111
10,-71866.18,6618928.12,111
10,-71867.32,6618878.13,111
10,-71868.45,6618828.15,111
10,-71869.59,6618778.16,111
10,-71870.72,6618728.17,111
10,-71871.85,6618678.18,111
10,-71872.99,6618628.20,111
10,-71874.12,6618578.21,111
10,-71875.26,6618528.22,111
10,-71876.39,6618478.24,111
10,-71877.53,6618428.25,111
10,-71878.66,6618378.26,111
10,-71879.79,6618328.27,111
10,-71880.93,6618278.29,111
10,-71882.06,6618228.30,111
10,-71883.20,6618178.31,111
10,-71884.33,6618128.33,111
10,-71885.47,6618078.34,111
10,-71886.60,6618028.35,111
10,-71887.74,6617978.36,111
10,-71888.87,6617928.38,111
10,-71890.00,6617878.39,111
10,-71891.14,6617828.40,111
10,-71892.27,6617778.42,111
10,-71893.41,6617728.43,111
10,-71894.54,6617678.44,111
10,-71895.68,6617628.45,111
10,-71896.81,6617578.47,111
10,-71897.94,6617528.48,111
10,-71899.08,6617478.49,111
10,-71900.21,6617428.51,111
10,-71901.35,6617378.52,111
10,-71902.48,6617328.53,111
10,-71903.62,6617278.54,111
10,-71904.75,6617228.56,111
10,-71905.89,6617178.57,111
10,-71907.02,6617128.58,111
10,-71908.15,6617078.60,111
10,-71909.29,6617028.61,111
10,-71910.42,6616978.62,111
10,-71911.56,6616928.63,111
10,-71912.69,6616878.65,111
10,-71913.83,6616828.66,111
10,-71914.96,6616778.67,111
10,-71916.09,6616728.69,111
10,-71917.23,6616678.70,111
10,-71918.36,6616628.71,111
10,-71919.50,6616578.72,111
10,-71920.63,6616528.74,111
10,-71921.77,6616478.75,111
10,-71922.90,6616428.76,111
10,-71924.04,6616378.78,110
10,-71925.17,6616328.79,110
10,-71926.30,6616278.80,110
10,-71927.44,6616228.81,110
10,-71928.57,6616178.83,110
10,-71929.71,6616128.84,110
10,-71930.84,6616078.85,110
10,-71931.98,6616028.87,110
10,-71933.11,6615978.88,110
10,-71934.24,6615928.89,110
10,-71935.38,6615878.91,110
10,-71936.51,6615828.92,110
10,-71937.65,6615778.93,110
10,-71938.78,6615728.94,110
10,-71939.92,6615678.96,110
10,-71941.05,6615628.97,110
10,-71942.19,6615578.98,110
10,-71943.32,6615529.00,110
10,-71944.45,6615479.01,110
10,-71945.59,6615429.02,110
10,-71946.72,6615379.03,110
10,-71947.86,6615329.05,110
10,-71948.99,6615279.06,110
10,-71950.13,6615229.07,110
10,-71951.26,6615179.09,110
10,-71952.39,6615129.10,110
10,-71953.53,6615079.11,110
10,-71954.66,6615029.12,110
10,-71955.80,6614979.14,110
10,-71956.93,6614929.15,110
10,-71958.07,6614879.16,110
10,-71959.20,6614829.18,110
10,-71960.33,6614779.19,110
10,-71961.47,6614729.20,110
10,-71962.60,6614679.21,110
10,-71963.74,6614629.23,110
10,-71964.87,6614579.24,110
10,-71966.01,6614529.25,110
10,-71967.14,6614479.27,110
10,-71968.28,6614429.28,110
10,-71969.41,6614379.29,110
10,-71970.54,6614329.30,110
10,-71971.68,6614279.32,110
10,-71972.81,6614229.33,110
10,-71973.95,6614179.34,110
10,-71975.08,6614129.36,110
10,-71976.22,6614079.37,110
10,-71977.35,6614029.38,110
10,-71978.48,6613979.39,110
10,-71979.62,6613929.41,110
10,-71980.75,6613879.42,110
10,-71981.89,6613829.43,110
10,-71983.02,6613779.45,110
10,-71984.16,6613729.46,110
10,-71985.29,6613679.47,110
10,-71986.43,6613629.48,110
10,-71987.56,6613579.50,110
10,-71988.69,6613529.51,110
10,-71989.83,6613479.52,110
10,-71990.96,6613429.54,110
10,-71992.10,6613379.55,110
10,-71993.23,6613329.56,110
10,-71994.37,6613279.57,110
10,-71995.50,6613229.59,110
10,-71996.63,6613179.60,110
10,-71997.77,6613129.61,110
10,-71998.90,6613079.63,110
10,-72000.04,6613029.64,110
10,-72001.17,6612979.65,110
10,-72002.31,6612929.66,110
10,-72003.44,6612879.68,110
10,-72004.58,6612829.69,110
10,-72005.71,6612779.70,110
10,-72006.84,6612729.72,110
10,-72007.98,6612679.73,110
10,-72009.11,6612629.74,110
10,-72010.25,6612579.75,110
10,-72011.38,6612529.77,110
10,-72012.52,6612479.78,110
10,-72013.65,6612429.79,110
10,-72014.78,6612379.81,110
10,-72015.92,6612329.82,110
10,-72017.05,6612279.83,110
10,-72018.19,6612229.84,110
10,-72019.32,6612179.86,110
10,-72020.46,6612129.87,110
10,-72021.59,6612079.88,110
10,-72022.73,6612029.90,110
10,-72023.86,6611979.91,110
10,-72024.99,6611929.92,110
10,-72026.13,6611879.93,110
10,-72027.26,6611829.95,110
10,-72028.40,6611779.96,110
10,-72029.53,6611729.97,110
10,-72030.67,6611679.99,110
10,-72031.80,6611630.00,110
10,-72032.93,6611580.01,110
10,-72034.07,6611530.02,110
10,-72035.20,6611480.04,110
10,-72036.34,6611430.05,110
10,-72037.47,6611380.06,110
10,-72038.61,6611330.08,110
10,-72039.74,6611280.09,110
10,-72040.87,6611230.10,110
10,-72042.01,6611180.11,110
10,-72043.14,6611130.13,110
10,-72044.28,6611080.14,110
10,-72045.41,6611030.15,110
10,-72046.55,6610980.17,110
10,-72047.68,6610930.18,110
10,-72048.82,6610880.19,110
10,-72049.95,6610830.20,110
10,-72051.08,6610780.22,110
10,-72052.22,6610730.23,110
10,-72053.35,6610680.24,110
10,-72054.49,6610630.26,110
10,-72055.62,6610580.27,110
10,-72056.76,6610530.28,110
10,-72057.89,6610480.29,110
10,-72059.02,6610430.31,110
10,-72060.16,6610380.32,110
10,-72061.29,6610330.33,110
10,-72062.43,6610280.35,110
10,-72063.56,6610230.36,110
10,-72064.70,6610180.37,110
10,-72065.83,6610130.39,110
