LNUM,X,Y,LSYMB
1,-71005.3,6.6253e+06,101
1,-71005.4,6.62525e+06,101
1,-71005.3,6.6252e+06,101
1,-71005.4,6.62515e+06,101
1,-71005.3,6.6251e+06,101
1,-71005.3,6.62505e+06,101
1,-71005.3,6.625e+06,101
1,-71005.3,6.62495e+06,101
1,-71005.3,6.6249e+06,101
1,-71005.3,6.62485e+06,101
1,-71005.4,6.6248e+06,101
1,-71005.3,6.62475e+06,101
1,-71005.4,6.6247e+06,101
1,-71005.3,6.62465e+06,101
1,-71005.4,6.6246e+06,101
1,-71005.3,6.62455e+06,101
1,-71005.4,6.6245e+06,101
1,-71005.3,6.62445e+06,101
1,-71005.4,6.6244e+06,101
1,-71005.3,6.62435e+06,101
1,-71005.3,6.6243e+06,101
1,-71005.3,6.62425e+06,101
1,-71005.3,6.6242e+06,101
1,-71005.3,6.62415e+06,101
1,-71005.3,6.6241e+06,101
1,-71005.4,6.62405e+06,101
1,-71005.3,6.624e+06,101
1,-71005.4,6.62395e+06,101
1,-71005.3,6.6239e+06,101
1,-71005.4,6.62385e+06,101
1,-71005.3,6.6238e+06,101
1,-71005.4,6.62375e+06,101
1,-71005.3,6.6237e+06,101
1,-71005.4,6.62365e+06,101
1,-71005.3,6.6236e+06,101
1,-71005.3,6.62355e+06,101
1,-71005.3,6.6235e+06,101
1,-71005.3,6.62345e+06,101
1,-71005.3,6.6234e+06,101
1,-71005.3,6.62335e+06,101
1,-71005.4,6.6233e+06,101
1,-71005.3,6.62325e+06,101
1,-71005.4,6.6232e+06,101
1,-71005.3,6.62315e+06,101
1,-71005.4,6.6231e+06,101
1,-71005.3,6.62305e+06,101
1,-71005.4,6.623e+06,101
1,-71005.3,6.62295e+06,101
1,-71005.4,6.6229e+06,101
1,-71005.3,6.62285e+06,101
1,-71005.3,6.6228e+06,101
1,-71005.3,6.62275e+06,101
1,-71005.3,6.6227e+06,101
1,-71005.3,6.62265e+06,101
1,-71005.3,6.6226e+06,101
1,-71005.4,6.62255e+06,101
1,-71005.3,6.6225e+06,101
1,-71005.4,6.62245e+06,101
1,-71005.3,6.6224e+06,101
1,-71005.4,6.62235e+06,101
1,-71005.3,6.6223e+06,101
1,-71005.4,6.62225e+06,101
1,-71005.3,6.6222e+06,101
1,-71005.3,6.62215e+06,101
1,-71005.3,6.6221e+06,101
1,-71005.3,6.62205e+06,101
1,-71005.3,6.622e+06,101
1,-71005.3,6.62195e+06,101
1,-71005.3,6.6219e+06,101
1,-71005.3,6.62185e+06,101
1,-71005.4,6.6218e+06,101
1,-71005.3,6.62175e+06,101
1,-71005.4,6.6217e+06,101
1,-71005.3,6.62165e+06,101
1,-71005.4,6.6216e+06,101
1,-71005.3,6.62155e+06,101
1,-71005.4,6.6215e+06,101
1,-71005.3,6.62145e+06,101
1,-71005.3,6.6214e+06,101
1,-71005.3,6.62135e+06,101
1,-71005.3,6.6213e+06,101
1,-71005.3,6.62125e+06,101
1,-71005.3,6.6212e+06,101
1,-71005.3,6.62115e+06,101
1,-71005.3,6.6211e+06,101
1,-71005.4,6.62105e+06,101
1,-71005.3,6.621e+06,101
1,-71005.4,6.62095e+06,101
1,-71005.3,6.6209e+06,101
1,-71005.4,6.62085e+06,101
1,-71005.3,6.6208e+06,101
1,-71005.4,6.62075e+06,101
1,-71005.3,6.6207e+06,101
1,-71005.3,6.62065e+06,101
1,-71005.3,6.6206e+06,101
1,-71005.3,6.62055e+06,101
1,-71005.3,6.6205e+06,101
1,-71005.3,6.62045e+06,101
1,-71005.4,6.6204e+06,101
1,-71005.3,6.62035e+06,101
1,-71005.4,6.6203e+06,101
1,-71005.3,6.62025e+06,101
1,-71005.4,6.6202e+06,101
1,-71005.3,6.62015e+06,101
1,-71005.4,6.6201e+06,101
1,-71005.3,6.62005e+06,101
1,-71005.4,6.62e+06,101
1,-71005.3,6.61995e+06,101
1,-71005.3,6.6199e+06,101
1,-71005.3,6.61985e+06,101
1,-71005.3,6.6198e+06,101
1,-71005.3,6.61975e+06,101
1,-71005.3,6.6197e+06,101
1,-71005.4,6.61965e+06,101
1,-71005.3,6.6196e+06,101
1,-71005.4,6.61955e+06,101
1,-71005.3,6.6195e+06,101
1,-71005.4,6.61945e+06,101
1,-71005.3,6.6194e+06,101
1,-71005.4,6.61935e+06,101
1,-71005.3,6.6193e+06,101
1,-71005.4,6.61925e+06,101
1,-71005.3,6.6192e+06,101
1,-71005.3,6.61915e+06,101
1,-71005.3,6.6191e+06,101
1,-71005.3,6.61905e+06,101
1,-71005.3,6.619e+06,101
1,-71005.3,6.61895e+06,101
1,-71005.4,6.6189e+06,101
1,-71005.3,6.61885e+06,101
1,-71005.4,6.6188e+06,101
1,-71005.3,6.61875e+06,101
1,-71005.4,6.6187e+06,101
1,-71005.3,6.61865e+06,101
1,-71005.4,6.6186e+06,101
1,-71005.3,6.61855e+06,101
1,-71005.4,6.6185e+06,101
1,-71005.3,6.61845e+06,101
1,-71005.3,6.6184e+06,101
1,-71005.3,6.61835e+06,101
1,-71005.3,6.6183e+06,101
1,-71005.3,6.61825e+06,101
1,-71005.3,6.6182e+06,101
1,-71005.4,6.61815e+06,101
1,-71005.3,6.6181e+06,101
1,-71005.4,6.61805e+06,101
1,-71005.3,6.618e+06,101
1,-71005.4,6.61795e+06,101
1,-71005.3,6.6179e+06,101
1,-71005.4,6.61785e+06,101
1,-71005.3,6.6178e+06,101
1,-71005.4,6.61775e+06,101
1,-71005.3,6.6177e+06,101
1,-71005.3,6.61765e+06,101
1,-71005.3,6.6176e+06,101
1,-71005.3,6.61755e+06,101
1,-71005.3,6.6175e+06,101
1,-71005.3,6.61745e+06,101
1,-71005.4,6.6174e+06,101
1,-71005.3,6.61735e+06,101
1,-71005.4,6.6173e+06,101
1,-71005.3,6.61725e+06,101
1,-71005.4,6.6172e+06,101
1,-71005.3,6.61715e+06,101
1,-71005.4,6.6171e+06,101
1,-71005.3,6.61705e+06,101
1,-71005.3,6.617e+06,101
1,-71005.3,6.61695e+06,101
1,-71005.3,6.6169e+06,101
1,-71005.3,6.61685e+06,101
1,-71005.3,6.6168e+06,101
1,-71005.3,6.61675e+06,101
1,-71005.3,6.6167e+06,101
3,-71505.8,6.61105e+06,102
3,-71505.8,6.6111e+06,102
3,-71505.8,6.61115e+06,102
3,-71505.8,6.6112e+06,102
3,-71505.8,6.61125e+06,102
3,-71505.8,6.6113e+06,102
3,-71505.8,6.61135e+06,102
3,-71505.8,6.6114e+06,102
3,-71505.8,6.61145e+06,102
3,-71505.8,6.6115e+06,102
3,-71505.8,6.61155e+06,102
3,-71505.8,6.6116e+06,102
3,-71505.8,6.61165e+06,102
3,-71505.8,6.6117e+06,102
3,-71505.8,6.61175e+06,102
3,-71505.8,6.6118e+06,102
3,-71505.8,6.61185e+06,102
3,-71505.8,6.6119e+06,102
3,-71505.8,6.61195e+06,102
3,-71505.8,6.612e+06,102
3,-71505.8,6.61205e+06,102
3,-71505.8,6.6121e+06,102
3,-71505.8,6.61215e+06,102
3,-71505.8,6.6122e+06,102
3,-71505.8,6.61225e+06,102
3,-71505.8,6.6123e+06,102
3,-71505.8,6.61235e+06,102
3,-71505.8,6.6124e+06,102
3,-71505.8,6.61245e+06,102
3,-71505.8,6.6125e+06,102
3,-71505.8,6.61255e+06,102
3,-71505.8,6.6126e+06,102
3,-71505.8,6.61265e+06,102
3,-71505.8,6.6127e+06,102
3,-71505.8,6.61275e+06,102
3,-71505.8,6.6128e+06,102
3,-71505.8,6.61285e+06,102
3,-71505.8,6.6129e+06,102
3,-71505.8,6.61295e+06,102
3,-71505.8,6.613e+06,102
3,-71505.8,6.61305e+06,102
3,-71505.8,6.6131e+06,102
3,-71505.8,6.61315e+06,102
3,-71505.8,6.6132e+06,102
3,-71505.8,6.61325e+06,102
3,-71505.8,6.6133e+06,102
3,-71505.8,6.61335e+06,102
3,-71505.8,6.6134e+06,102
3,-71505.8,6.61345e+06,102
3,-71505.8,6.6135e+06,102
3,-71505.8,6.61355e+06,102
3,-71505.8,6.6136e+06,102
3,-71505.8,6.61365e+06,102
3,-71505.8,6.6137e+06,102
3,-71505.8,6.61375e+06,102
3,-71505.8,6.6138e+06,102
3,-71505.8,6.61385e+06,102
3,-71505.8,6.6139e+06,102
3,-71505.8,6.61395e+06,102
3,-71505.8,6.614e+06,102
3,-71505.8,6.61405e+06,102
3,-71505.8,6.6141e+06,102
3,-71505.8,6.61415e+06,102
3,-71505.8,6.6142e+06,102
3,-71505.8,6.61425e+06,102
3,-71505.8,6.6143e+06,102
3,-71505.8,6.61435e+06,102
3,-71505.8,6.6144e+06,102
3,-71505.8,6.61445e+06,102
3,-71505.8,6.6145e+06,102
3,-71505.8,6.61455e+06,102
3,-71505.8,6.6146e+06,102
3,-71505.8,6.61465e+06,102
3,-71505.8,6.6147e+06,102
3,-71505.8,6.61475e+06,102
3,-71505.8,6.6148e+06,102
3,-71505.8,6.61485e+06,102
3,-71505.8,6.6149e+06,102
3,-71505.8,6.61495e+06,102
3,-71505.8,6.615e+06,102
3,-71505.8,6.61505e+06,102
3,-71505.8,6.6151e+06,102
3,-71505.8,6.61515e+06,102
3,-71505.8,6.6152e+06,102
3,-71505.8,6.61525e+06,102
3,-71505.8,6.6153e+06,102
3,-71505.8,6.61535e+06,102
3,-71505.8,6.6154e+06,102
3,-71505.8,6.61545e+06,102
3,-71505.8,6.6155e+06,102
3,-71505.8,6.61555e+06,102
3,-71505.8,6.6156e+06,102
3,-71505.8,6.61565e+06,102
3,-71505.8,6.6157e+06,102
3,-71505.8,6.61575e+06,102
3,-71505.8,6.6158e+06,102
3,-71505.8,6.61585e+06,102
3,-71505.8,6.6159e+06,102
3,-71505.8,6.61595e+06,102
3,-71505.8,6.616e+06,102
3,-71505.8,6.61605e+06,102
3,-71505.8,6.6161e+06,102
3,-71505.8,6.61615e+06,102
3,-71505.8,6.6162e+06,102
3,-71505.8,6.61625e+06,102
3,-71505.8,6.6163e+06,102
3,-71505.8,6.61635e+06,102
3,-71505.8,6.6164e+06,102
3,-71505.8,6.61645e+06,102
3,-71505.8,6.6165e+06,102
3,-71505.8,6.61655e+06,102
3,-71505.8,6.6166e+06,102
3,-71505.8,6.61665e+06,102
3,-71505.8,6.6167e+06,102
3,-71505.8,6.61675e+06,102
3,-71505.8,6.6168e+06,102
3,-71505.8,6.61685e+06,102
3,-71505.8,6.6169e+06,102
3,-71505.8,6.61695e+06,102
3,-71505.8,6.617e+06,102
3,-71505.8,6.61705e+06,102
3,-71505.8,6.6171e+06,102
3,-71505.8,6.61715e+06,102
3,-71505.8,6.6172e+06,102
3,-71505.8,6.61725e+06,102
3,-71505.8,6.6173e+06,102
3,-71505.8,6.61735e+06,102
3,-71505.8,6.6174e+06,102
3,-71505.8,6.61745e+06,102
3,-71505.8,6.6175e+06,102
3,-71505.8,6.61755e+06,102
3,-71505.8,6.6176e+06,102
3,-71505.8,6.61765e+06,102
3,-71505.8,6.6177e+06,102
3,-71505.8,6.61775e+06,102
3,-71505.8,6.6178e+06,102
3,-71505.8,6.61785e+06,102
3,-71505.8,6.6179e+06,102
3,-71505.8,6.61795e+06,102
3,-71505.8,6.618e+06,102
3,-71505.8,6.61805e+06,102
3,-71505.8,6.6181e+06,102
3,-71505.8,6.61815e+06,102
3,-71505.8,6.6182e+06,102
3,-71505.8,6.61825e+06,102
3,-71505.8,6.6183e+06,102
3,-71505.8,6.61835e+06,102
3,-71505.8,6.6184e+06,102
3,-71505.8,6.61845e+06,102
3,-71505.8,6.6185e+06,102
3,-71505.8,6.61855e+06,102
3,-71505.8,6.6186e+06,102
3,-71505.8,6.61865e+06,102
3,-71505.8,6.6187e+06,102
3,-71505.8,6.61875e+06,102
3,-71505.8,6.6188e+06,102
3,-71505.8,6.61885e+06,102
3,-71505.8,6.6189e+06,102
3,-71505.8,6.61895e+06,102
3,-71505.8,6.619e+06,102
3,-71505.8,6.61905e+06,102
3,-71505.8,6.6191e+06,102
3,-71505.8,6.61915e+06,102
3,-71505.8,6.6192e+06,102
3,-71505.8,6.61925e+06,102
3,-71505.8,6.6193e+06,102
3,-71505.8,6.61935e+06,102
3,-71505.8,6.6194e+06,102
3,-71505.8,6.61945e+06,102
3,-71505.8,6.6195e+06,102
3,-71505.8,6.61955e+06,102
3,-71505.8,6.6196e+06,102
3,-71505.8,6.61965e+06,102
3,-71505.8,6.6197e+06,102
3,-71505.8,6.61975e+06,102
3,-71505.8,6.6198e+06,102
3,-71505.8,6.61985e+06,102
3,-71505.8,6.6199e+06,102
3,-71505.8,6.61995e+06,102
3,-71505.8,6.62e+06,102
3,-71505.8,6.62005e+06,102
3,-71505.8,6.6201e+06,102
3,-71505.8,6.62015e+06,102
3,-71505.8,6.6202e+06,102
3,-71505.8,6.62025e+06,102
3,-71505.8,6.6203e+06,102
3,-71505.8,6.62035e+06,102
3,-71505.8,6.6204e+06,102
3,-71505.8,6.62045e+06,102
3,-71505.8,6.6205e+06,102
3,-71505.8,6.62055e+06,102
3,-71505.8,6.6206e+06,102
3,-71505.8,6.62065e+06,102
3,-71505.8,6.6207e+06,102
3,-71505.8,6.62075e+06,102
3,-71505.8,6.6208e+06,102
3,-71505.8,6.62085e+06,102
3,-71505.8,6.6209e+06,102
3,-71505.8,6.62095e+06,102
3,-71505.8,6.621e+06,102
3,-71505.8,6.62105e+06,102
3,-71505.8,6.6211e+06,102
3,-71505.8,6.62115e+06,102
3,-71505.8,6.6212e+06,102
3,-71505.8,6.62125e+06,102
3,-71505.8,6.6213e+06,102
3,-71505.8,6.62135e+06,102
3,-71505.8,6.6214e+06,102
3,-71505.8,6.62145e+06,102
3,-71505.8,6.6215e+06,102
3,-71505.8,6.62155e+06,102
3,-71505.8,6.6216e+06,102
3,-71505.8,6.62165e+06,102
3,-71505.8,6.6217e+06,102
3,-71505.8,6.62175e+06,102
3,-71505.8,6.6218e+06,102
3,-71505.8,6.62185e+06,102
3,-71505.8,6.6219e+06,102
3,-71505.8,6.62195e+06,102
3,-71505.8,6.622e+06,102
3,-71505.8,6.62205e+06,102
3,-71505.8,6.6221e+06,102
3,-71505.8,6.62215e+06,102
3,-71505.8,6.6222e+06,102
3,-71505.8,6.62225e+06,102
3,-71505.8,6.6223e+06,102
3,-71505.8,6.62235e+06,102
3,-71505.8,6.6224e+06,102
3,-71505.8,6.62245e+06,102
3,-71505.8,6.6225e+06,102
3,-71505.8,6.62255e+06,102
3,-71505.8,6.6226e+06,102
3,-71505.8,6.62265e+06,102
3,-71505.8,6.6227e+06,102
3,-71505.8,6.62275e+06,102
3,-71505.8,6.6228e+06,102
3,-71505.8,6.62285e+06,102
3,-71505.8,6.6229e+06,102
3,-71505.8,6.62295e+06,102
3,-71505.8,6.623e+06,102
3,-71505.8,6.62305e+06,102
3,-71505.8,6.6231e+06,102
3,-71505.8,6.62315e+06,102
3,-71505.8,6.6232e+06,102
3,-71505.8,6.62325e+06,102
3,-71505.8,6.6233e+06,102
3,-71505.8,6.62335e+06,102
3,-71505.8,6.6234e+06,102
3,-71505.8,6.62345e+06,102
3,-71505.8,6.6235e+06,102
3,-71505.8,6.62355e+06,102
3,-71505.8,6.6236e+06,102
3,-71505.8,6.62365e+06,102
3,-71505.8,6.6237e+06,102
3,-71505.8,6.62375e+06,102
3,-71505.8,6.6238e+06,102
3,-71505.8,6.62385e+06,102
3,-71505.8,6.6239e+06,102
3,-71505.8,6.62395e+06,102
3,-71505.8,6.624e+06,102
3,-71505.8,6.62405e+06,102
3,-71505.8,6.6241e+06,102
3,-71505.8,6.62415e+06,102
3,-71505.8,6.6242e+06,102
3,-71505.8,6.62425e+06,102
3,-71505.8,6.6243e+06,102
3,-71505.8,6.62435e+06,102
3,-71505.8,6.6244e+06,102
3,-71505.8,6.62445e+06,102
3,-71505.8,6.6245e+06,102
3,-71505.8,6.62455e+06,102
3,-71505.8,6.6246e+06,102
3,-71505.8,6.62465e+06,102
3,-71505.8,6.6247e+06,102
3,-71505.8,6.62475e+06,102
3,-71505.8,6.6248e+06,102
3,-71505.8,6.62485e+06,102
3,-71505.8,6.6249e+06,102
3,-71505.8,6.62495e+06,102
3,-71505.8,6.625e+06,102
3,-71505.8,6.62505e+06,102
3,-71505.8,6.6251e+06,102
3,-71505.8,6.62515e+06,102
3,-71505.8,6.6252e+06,102
3,-71505.8,6.62525e+06,102
3,-71505.8,6.6253e+06,102
3,-71505.8,6.62535e+06,102
3,-71505.8,6.6254e+06,102
3,-71505.8,6.62545e+06,102
3,-71505.8,6.6255e+06,102
4,-72005.3,6.6259e+06,103
4,-72005.3,6.62585e+06,103
4,-72005.3,6.6258e+06,103
4,-72005.3,6.62575e+06,103
4,-72005.3,6.6257e+06,103
4,-72005.3,6.62565e+06,103
4,-72005.3,6.6256e+06,103
4,-72005.3,6.62555e+06,103
4,-72005.3,6.6255e+06,103
4,-72005.3,6.62545e+06,103
4,-72005.3,6.6254e+06,103
4,-72005.3,6.62535e+06,103
4,-72005.3,6.6253e+06,103
4,-72005.3,6.62525e+06,103
4,-72005.3,6.6252e+06,103
4,-72005.3,6.62515e+06,103
4,-72005.3,6.6251e+06,103
4,-72005.3,6.62505e+06,103
4,-72005.3,6.625e+06,103
4,-72005.3,6.62495e+06,103
4,-72005.3,6.6249e+06,103
4,-72005.3,6.62485e+06,103
4,-72005.3,6.6248e+06,103
4,-72005.3,6.62475e+06,103
4,-72005.3,6.6247e+06,103
4,-72005.3,6.62465e+06,103
4,-72005.3,6.6246e+06,103
4,-72005.3,6.62455e+06,103
4,-72005.3,6.6245e+06,103
4,-72005.3,6.62445e+06,103
4,-72005.3,6.6244e+06,103
4,-72005.3,6.62435e+06,103
4,-72005.3,6.6243e+06,103
4,-72005.3,6.62425e+06,103
4,-72005.3,6.6242e+06,103
4,-72005.3,6.62415e+06,103
4,-72005.3,6.6241e+06,103
4,-72005.3,6.62405e+06,103
4,-72005.3,6.624e+06,103
4,-72005.3,6.62395e+06,103
4,-72005.3,6.6239e+06,103
4,-72005.3,6.62385e+06,103
4,-72005.3,6.6238e+06,103
4,-72005.3,6.62375e+06,103
4,-72005.3,6.6237e+06,103
4,-72005.3,6.62365e+06,103
4,-72005.3,6.6236e+06,103
4,-72005.3,6.62355e+06,103
4,-72005.3,6.6235e+06,103
4,-72005.3,6.62345e+06,103
4,-72005.3,6.6234e+06,103
4,-72005.3,6.62335e+06,103
4,-72005.3,6.6233e+06,103
4,-72005.3,6.62325e+06,103
4,-72005.3,6.6232e+06,103
4,-72005.3,6.62315e+06,103
4,-72005.3,6.6231e+06,103
4,-72005.3,6.62305e+06,103
4,-72005.3,6.623e+06,103
4,-72005.3,6.62295e+06,103
4,-72005.3,6.6229e+06,103
4,-72005.3,6.62285e+06,103
4,-72005.3,6.6228e+06,103
4,-72005.3,6.62275e+06,103
4,-72005.3,6.6227e+06,103
4,-72005.3,6.62265e+06,103
4,-72005.3,6.6226e+06,103
4,-72005.3,6.62255e+06,103
4,-72005.3,6.6225e+06,103
4,-72005.3,6.62245e+06,103
4,-72005.3,6.6224e+06,103
4,-72005.3,6.62235e+06,103
4,-72005.3,6.6223e+06,103
4,-72005.3,6.62225e+06,103
4,-72005.3,6.6222e+06,103
4,-72005.3,6.62215e+06,103
4,-72005.3,6.6221e+06,103
4,-72005.3,6.62205e+06,103
4,-72005.3,6.622e+06,103
4,-72005.3,6.62195e+06,103
4,-72005.3,6.6219e+06,103
4,-72005.3,6.62185e+06,103
4,-72005.3,6.6218e+06,103
4,-72005.3,6.62175e+06,103
4,-72005.3,6.6217e+06,103
4,-72005.3,6.62165e+06,103
4,-72005.3,6.6216e+06,103
4,-72005.3,6.62155e+06,103
4,-72005.3,6.6215e+06,103
4,-72005.3,6.62145e+06,103
4,-72005.3,6.6214e+06,103
4,-72005.3,6.62135e+06,103
4,-72005.3,6.6213e+06,103
4,-72005.3,6.62125e+06,103
4,-72005.3,6.6212e+06,103
4,-72005.3,6.62115e+06,103
4,-72005.3,6.6211e+06,103
4,-72005.3,6.62105e+06,103
4,-72005.3,6.621e+06,103
4,-72005.3,6.62095e+06,103
4,-72005.3,6.6209e+06,103
4,-72005.3,6.62085e+06,103
4,-72005.3,6.6208e+06,103
4,-72005.3,6.62075e+06,103
4,-72005.3,6.6207e+06,103
4,-72005.3,6.62065e+06,103
4,-72005.3,6.6206e+06,103
4,-72005.3,6.62055e+06,103
4,-72005.3,6.6205e+06,103
4,-72005.3,6.62045e+06,103
4,-72005.3,6.6204e+06,103
4,-72005.3,6.62035e+06,103
4,-72005.3,6.6203e+06,103
4,-72005.3,6.62025e+06,103
4,-72005.3,6.6202e+06,103
4,-72005.3,6.62015e+06,103
4,-72005.3,6.6201e+06,103
4,-72005.3,6.62005e+06,103
4,-72005.3,6.62e+06,103
4,-72005.3,6.61995e+06,103
4,-72005.3,6.6199e+06,103
4,-72005.3,6.61985e+06,103
4,-72005.3,6.6198e+06,103
4,-72005.3,6.61975e+06,103
4,-72005.3,6.6197e+06,103
4,-72005.3,6.61965e+06,103
4,-72005.3,6.6196e+06,103
4,-72005.3,6.61955e+06,103
4,-72005.3,6.6195e+06,103
4,-72005.3,6.61945e+06,103
4,-72005.3,6.6194e+06,103
4,-72005.3,6.61935e+06,103
4,-72005.3,6.6193e+06,103
4,-72005.3,6.61925e+06,103
4,-72005.3,6.6192e+06,103
4,-72005.3,6.61915e+06,103
4,-72005.3,6.6191e+06,103
4,-72005.3,6.61905e+06,103
4,-72005.3,6.619e+06,103
4,-72005.3,6.61895e+06,103
4,-72005.3,6.6189e+06,103
4,-72005.3,6.61885e+06,103
4,-72005.3,6.6188e+06,103
4,-72005.3,6.61875e+06,103
4,-72005.3,6.6187e+06,103
4,-72005.3,6.61865e+06,103
4,-72005.3,6.6186e+06,103
4,-72005.3,6.61855e+06,103
4,-72005.3,6.6185e+06,103
4,-72005.3,6.61845e+06,103
4,-72005.3,6.6184e+06,103
4,-72005.3,6.61835e+06,103
4,-72005.3,6.6183e+06,103
4,-72005.3,6.61825e+06,103
4,-72005.3,6.6182e+06,103
4,-72005.3,6.61815e+06,103
4,-72005.3,6.6181e+06,103
4,-72005.3,6.61805e+06,103
4,-72005.3,6.618e+06,103
4,-72005.3,6.61795e+06,103
4,-72005.3,6.6179e+06,103
4,-72005.3,6.61785e+06,103
4,-72005.3,6.6178e+06,103
4,-72005.3,6.61775e+06,103
4,-72005.3,6.6177e+06,103
4,-72005.3,6.61765e+06,103
4,-72005.3,6.6176e+06,103
4,-72005.3,6.61755e+06,103
4,-72005.3,6.6175e+06,103
4,-72005.3,6.61745e+06,103
4,-72005.3,6.6174e+06,103
4,-72005.3,6.61735e+06,103
4,-72005.3,6.6173e+06,103
4,-72005.3,6.61725e+06,103
4,-72005.3,6.6172e+06,103
4,-72005.3,6.61715e+06,103
4,-72005.3,6.6171e+06,103
4,-72005.3,6.61705e+06,103
4,-72005.3,6.617e+06,103
4,-72005.3,6.61695e+06,103
4,-72005.3,6.6169e+06,103
4,-72005.3,6.61685e+06,103
4,-72005.4,6.6168e+06,103
4,-72005.4,6.61675e+06,103
4,-72005.4,6.6167e+06,103
4,-72005.3,6.61665e+06,103
4,-72005.4,6.6166e+06,103
4,-72005.3,6.61655e+06,103
4,-72005.4,6.6165e+06,103
4,-72005.3,6.61645e+06,103
4,-72005.4,6.6164e+06,103
4,-72005.3,6.61635e+06,103
4,-72005.4,6.6163e+06,103
4,-72005.3,6.61625e+06,103
4,-72005.4,6.6162e+06,103
4,-72005.4,6.61615e+06,103
4,-72005.4,6.6161e+06,103
4,-72005.4,6.61605e+06,103
4,-72005.3,6.616e+06,103
4,-72005.4,6.61595e+06,103
4,-72005.3,6.6159e+06,103
4,-72005.4,6.61585e+06,103
4,-72005.3,6.6158e+06,103
4,-72005.4,6.61575e+06,103
4,-72005.3,6.6157e+06,103
4,-72005.4,6.61565e+06,103
4,-72005.3,6.6156e+06,103
4,-72005.4,6.61555e+06,103
4,-72005.4,6.6155e+06,103
4,-72005.4,6.61545e+06,103
4,-72005.4,6.6154e+06,103
4,-72005.4,6.61535e+06,103
4,-72005.4,6.6153e+06,103
4,-72005.3,6.61525e+06,103
4,-72005.4,6.6152e+06,103
4,-72005.3,6.61515e+06,103
4,-72005.4,6.6151e+06,103
4,-72005.3,6.61505e+06,103
4,-72005.4,6.615e+06,103
4,-72005.3,6.61495e+06,103
4,-72005.4,6.6149e+06,103
4,-72005.3,6.61485e+06,103
4,-72005.4,6.6148e+06,103
4,-72005.4,6.61475e+06,103
4,-72005.4,6.6147e+06,103
4,-72005.4,6.61465e+06,103
4,-72005.4,6.6146e+06,103
4,-72005.4,6.61455e+06,103
4,-72005.3,6.6145e+06,103
4,-72005.4,6.61445e+06,103
4,-72005.3,6.6144e+06,103
4,-72005.4,6.61435e+06,103
4,-72005.3,6.6143e+06,103
4,-72005.4,6.61425e+06,103
4,-72005.3,6.6142e+06,103
4,-72005.4,6.61415e+06,103
4,-72005.3,6.6141e+06,103
4,-72005.4,6.61405e+06,103
4,-72005.4,6.614e+06,103
4,-72005.4,6.61395e+06,103
4,-72005.4,6.6139e+06,103
4,-72005.4,6.61385e+06,103
4,-72005.4,6.6138e+06,103
4,-72005.3,6.61375e+06,103
4,-72005.4,6.6137e+06,103
4,-72005.3,6.61365e+06,103
4,-72005.4,6.6136e+06,103
4,-72005.3,6.61355e+06,103
4,-72005.4,6.6135e+06,103
4,-72005.3,6.61345e+06,103
4,-72005.4,6.6134e+06,103
4,-72005.3,6.61335e+06,103
4,-72005.4,6.6133e+06,103
5,-72505.3,6.60955e+06,104
5,-72505.3,6.6096e+06,104
5,-72505.3,6.60965e+06,104
5,-72505.4,6.6097e+06,104
5,-72505.3,6.60975e+06,104
5,-72505.4,6.6098e+06,104
5,-72505.3,6.60985e+06,104
5,-72505.4,6.6099e+06,104
5,-72505.3,6.60995e+06,104
5,-72505.4,6.61e+06,104
5,-72505.3,6.61005e+06,104
5,-72505.4,6.6101e+06,104
5,-72505.3,6.61015e+06,104
5,-72505.3,6.6102e+06,104
5,-72505.3,6.61025e+06,104
5,-72505.3,6.6103e+06,104
5,-72505.4,6.61035e+06,104
5,-72505.3,6.6104e+06,104
5,-72505.4,6.61045e+06,104
5,-72505.3,6.6105e+06,104
5,-72505.4,6.61055e+06,104
5,-72505.3,6.6106e+06,104
5,-72505.4,6.61065e+06,104
5,-72505.3,6.6107e+06,104
5,-72505.4,6.61075e+06,104
5,-72505.3,6.6108e+06,104
5,-72505.3,6.61085e+06,104
5,-72505.3,6.6109e+06,104
5,-72505.3,6.61095e+06,104
5,-72505.3,6.611e+06,104
5,-72505.3,6.61105e+06,104
5,-72505.4,6.6111e+06,104
5,-72505.3,6.61115e+06,104
5,-72505.4,6.6112e+06,104
5,-72505.3,6.61125e+06,104
5,-72505.4,6.6113e+06,104
5,-72505.3,6.61135e+06,104
5,-72505.4,6.6114e+06,104
5,-72505.3,6.61145e+06,104
5,-72505.4,6.6115e+06,104
5,-72505.3,6.61155e+06,104
5,-72505.3,6.6116e+06,104
5,-72505.3,6.61165e+06,104
5,-72505.3,6.6117e+06,104
5,-72505.3,6.61175e+06,104
5,-72505.3,6.6118e+06,104
5,-72505.4,6.61185e+06,104
5,-72505.3,6.6119e+06,104
5,-72505.4,6.61195e+06,104
5,-72505.3,6.612e+06,104
5,-72505.4,6.61205e+06,104
5,-72505.3,6.6121e+06,104
5,-72505.4,6.61215e+06,104
5,-72505.3,6.6122e+06,104
5,-72505.4,6.61225e+06,104
5,-72505.3,6.6123e+06,104
5,-72505.3,6.61235e+06,104
5,-72505.3,6.6124e+06,104
5,-72505.3,6.61245e+06,104
5,-72505.3,6.6125e+06,104
5,-72505.3,6.61255e+06,104
5,-72505.4,6.6126e+06,104
5,-72505.3,6.61265e+06,104
5,-72505.4,6.6127e+06,104
5,-72505.3,6.61275e+06,104
5,-72505.4,6.6128e+06,104
5,-72505.3,6.61285e+06,104
5,-72505.4,6.6129e+06,104
5,-72505.3,6.61295e+06,104
5,-72505.4,6.613e+06,104
5,-72505.3,6.61305e+06,104
5,-72505.3,6.6131e+06,104
5,-72505.3,6.61315e+06,104
5,-72505.3,6.6132e+06,104
5,-72505.3,6.61325e+06,104
5,-72505.3,6.6133e+06,104
5,-72505.4,6.61335e+06,104
5,-72505.3,6.6134e+06,104
5,-72505.4,6.61345e+06,104
5,-72505.3,6.6135e+06,104
5,-72505.4,6.61355e+06,104
5,-72505.3,6.6136e+06,104
5,-72505.4,6.61365e+06,104
5,-72505.3,6.6137e+06,104
5,-72505.4,6.61375e+06,104
5,-72505.3,6.6138e+06,104
5,-72505.3,6.61385e+06,104
5,-72505.3,6.6139e+06,104
5,-72505.3,6.61395e+06,104
5,-72505.3,6.614e+06,104
5,-72505.3,6.61405e+06,104
5,-72505.4,6.6141e+06,104
5,-72505.3,6.61415e+06,104
5,-72505.4,6.6142e+06,104
5,-72505.3,6.61425e+06,104
5,-72505.4,6.6143e+06,104
5,-72505.3,6.61435e+06,104
5,-72505.4,6.6144e+06,104
5,-72505.3,6.61445e+06,104
5,-72505.4,6.6145e+06,104
5,-72505.3,6.61455e+06,104
5,-72505.3,6.6146e+06,104
5,-72505.3,6.61465e+06,104
5,-72505.3,6.6147e+06,104
5,-72505.3,6.61475e+06,104
5,-72505.3,6.6148e+06,104
5,-72505.4,6.61485e+06,104
5,-72505.3,6.6149e+06,104
5,-72505.4,6.61495e+06,104
5,-72505.3,6.615e+06,104
5,-72505.4,6.61505e+06,104
5,-72505.3,6.6151e+06,104
5,-72505.4,6.61515e+06,104
5,-72505.3,6.6152e+06,104
5,-72505.4,6.61525e+06,104
5,-72505.3,6.6153e+06,104
5,-72505.3,6.61535e+06,104
5,-72505.3,6.6154e+06,104
5,-72505.3,6.61545e+06,104
5,-72505.3,6.6155e+06,104
5,-72505.3,6.61555e+06,104
5,-72505.4,6.6156e+06,104
5,-72505.3,6.61565e+06,104
5,-72505.4,6.6157e+06,104
5,-72505.3,6.61575e+06,104
5,-72505.4,6.6158e+06,104
5,-72505.3,6.61585e+06,104
5,-72505.4,6.6159e+06,104
5,-72505.3,6.61595e+06,104
5,-72505.4,6.616e+06,104
5,-72505.3,6.61605e+06,104
5,-72505.3,6.6161e+06,104
5,-72505.3,6.61615e+06,104
5,-72505.3,6.6162e+06,104
5,-72505.4,6.61625e+06,104
5,-72505.3,6.6163e+06,104
5,-72505.4,6.61635e+06,104
5,-72505.3,6.6164e+06,104
5,-72505.4,6.61645e+06,104
5,-72505.3,6.6165e+06,104
5,-72505.4,6.61655e+06,104
5,-72505.3,6.6166e+06,104
5,-72505.4,6.61665e+06,104
5,-72505.3,6.6167e+06,104
5,-72505.3,6.61675e+06,104
5,-72505.3,6.6168e+06,104
5,-72505.3,6.61685e+06,104
5,-72505.3,6.6169e+06,104
5,-72505.3,6.61695e+06,104
5,-72505.4,6.617e+06,104
5,-72505.3,6.61705e+06,104
5,-72505.4,6.6171e+06,104
5,-72505.3,6.61715e+06,104
5,-72505.4,6.6172e+06,104
5,-72505.3,6.61725e+06,104
5,-72505.4,6.6173e+06,104
5,-72505.3,6.61735e+06,104
5,-72505.4,6.6174e+06,104
5,-72505.3,6.61745e+06,104
5,-72505.3,6.6175e+06,104
5,-72505.3,6.61755e+06,104
5,-72505.3,6.6176e+06,104
5,-72505.3,6.61765e+06,104
5,-72505.3,6.6177e+06,104
5,-72505.4,6.61775e+06,104
5,-72505.3,6.6178e+06,104
5,-72505.4,6.61785e+06,104
5,-72505.3,6.6179e+06,104
5,-72505.4,6.61795e+06,104
5,-72505.3,6.618e+06,104
5,-72505.4,6.61805e+06,104
5,-72505.3,6.6181e+06,104
5,-72505.4,6.61815e+06,104
5,-72505.3,6.6182e+06,104
5,-72505.3,6.61825e+06,104
5,-72505.3,6.6183e+06,104
5,-72505.3,6.61835e+06,104
5,-72505.3,6.6184e+06,104
5,-72505.3,6.61845e+06,104
5,-72505.4,6.6185e+06,104
5,-72505.3,6.61855e+06,104
5,-72505.4,6.6186e+06,104
5,-72505.3,6.61865e+06,104
5,-72505.4,6.6187e+06,104
5,-72505.3,6.61875e+06,104
5,-72505.4,6.6188e+06,104
5,-72505.3,6.61885e+06,104
5,-72505.4,6.6189e+06,104
5,-72505.3,6.61895e+06,104
5,-72505.3,6.619e+06,104
5,-72505.3,6.61905e+06,104
5,-72505.3,6.6191e+06,104
5,-72505.3,6.61915e+06,104
5,-72505.3,6.6192e+06,104
5,-72505.4,6.61925e+06,104
5,-72505.3,6.6193e+06,104
5,-72505.4,6.61935e+06,104
5,-72505.3,6.6194e+06,104
5,-72505.4,6.61945e+06,104
5,-72505.3,6.6195e+06,104
5,-72505.4,6.61955e+06,104
5,-72505.3,6.6196e+06,104
5,-72505.4,6.61965e+06,104
5,-72505.3,6.6197e+06,104
5,-72505.3,6.61975e+06,104
5,-72505.3,6.6198e+06,104
5,-72505.3,6.61985e+06,104
5,-72505.3,6.6199e+06,104
5,-72505.3,6.61995e+06,104
5,-72505.4,6.62e+06,104
5,-72505.3,6.62005e+06,104
5,-72505.4,6.6201e+06,104
5,-72505.3,6.62015e+06,104
5,-72505.4,6.6202e+06,104
5,-72505.3,6.62025e+06,104
5,-72505.4,6.6203e+06,104
5,-72505.3,6.62035e+06,104
5,-72505.4,6.6204e+06,104
5,-72505.3,6.62045e+06,104
5,-72505.3,6.6205e+06,104
5,-72505.3,6.62055e+06,104
5,-72505.3,6.6206e+06,104
5,-72505.3,6.62065e+06,104
5,-72505.3,6.6207e+06,104
5,-72505.4,6.62075e+06,104
5,-72505.3,6.6208e+06,104
5,-72505.4,6.62085e+06,104
5,-72505.3,6.6209e+06,104
5,-72505.4,6.62095e+06,104
5,-72505.3,6.621e+06,104
5,-72505.4,6.62105e+06,104
5,-72505.3,6.6211e+06,104
5,-72505.4,6.62115e+06,104
5,-72505.3,6.6212e+06,104
5,-72505.3,6.62125e+06,104
5,-72505.3,6.6213e+06,104
5,-72505.3,6.62135e+06,104
5,-72505.4,6.6214e+06,104
5,-72505.3,6.62145e+06,104
5,-72505.4,6.6215e+06,104
5,-72505.3,6.62155e+06,104
5,-72505.4,6.6216e+06,104
5,-72505.3,6.62165e+06,104
5,-72505.4,6.6217e+06,104
5,-72505.3,6.62175e+06,104
5,-72505.4,6.6218e+06,104
5,-72505.3,6.62185e+06,104
5,-72505.4,6.6219e+06,104
5,-72505.3,6.62195e+06,104
5,-72505.3,6.622e+06,104
5,-72505.3,6.62205e+06,104
5,-72505.3,6.6221e+06,104
5,-72505.4,6.62215e+06,104
5,-72505.3,6.6222e+06,104
5,-72505.4,6.62225e+06,104
5,-72505.3,6.6223e+06,104
5,-72505.4,6.62235e+06,104
5,-72505.3,6.6224e+06,104
5,-72505.4,6.62245e+06,104
5,-72505.3,6.6225e+06,104
5,-72505.4,6.62255e+06,104
5,-72505.3,6.6226e+06,104
5,-72505.3,6.62265e+06,104
5,-72505.3,6.6227e+06,104
5,-72505.3,6.62275e+06,104
5,-72505.3,6.6228e+06,104
5,-72505.3,6.62285e+06,104
5,-72505.4,6.6229e+06,104
5,-72505.3,6.62295e+06,104
5,-72505.4,6.623e+06,104
5,-72505.3,6.62305e+06,104
5,-72505.4,6.6231e+06,104
5,-72505.3,6.62315e+06,104
5,-72505.4,6.6232e+06,104
5,-72505.3,6.62325e+06,104
5,-72505.4,6.6233e+06,104
5,-72505.3,6.62335e+06,104
5,-72505.3,6.6234e+06,104
5,-72505.3,6.62345e+06,104
5,-72505.3,6.6235e+06,104
5,-72505.3,6.62355e+06,104
5,-72505.3,6.6236e+06,104
5,-72505.4,6.62365e+06,104
5,-72505.3,6.6237e+06,104
5,-72505.4,6.62375e+06,104
5,-72505.3,6.6238e+06,104
5,-72505.4,6.62385e+06,104
5,-72505.3,6.6239e+06,104
5,-72505.4,6.62395e+06,104
5,-72505.3,6.624e+06,104
5,-72505.4,6.62405e+06,104
5,-72505.3,6.6241e+06,104
5,-72505.3,6.62415e+06,104
5,-72505.3,6.6242e+06,104
5,-72505.3,6.62425e+06,104
5,-72505.3,6.6243e+06,104
5,-72505.3,6.62435e+06,104
5,-72505.4,6.6244e+06,104
5,-72505.3,6.62445e+06,104
5,-72505.4,6.6245e+06,104
5,-72505.3,6.62455e+06,104
5,-72505.4,6.6246e+06,104
5,-72505.3,6.62465e+06,104
5,-72505.4,6.6247e+06,104
5,-72505.3,6.62475e+06,104
5,-72505.4,6.6248e+06,104
5,-72505.3,6.62485e+06,104
5,-72505.3,6.6249e+06,104
5,-72505.3,6.62495e+06,104
5,-72505.3,6.625e+06,104
5,-72505.3,6.62505e+06,104
5,-72505.3,6.6251e+06,104
5,-72505.4,6.62515e+06,104
5,-72505.3,6.6252e+06,104
5,-72505.4,6.62525e+06,104
5,-72505.3,6.6253e+06,104
5,-72505.4,6.62535e+06,104
5,-72505.3,6.6254e+06,104
5,-72505.4,6.62545e+06,104
5,-72505.3,6.6255e+06,104
5,-72505.4,6.62555e+06,104
5,-72505.3,6.6256e+06,104
5,-72505.3,6.62565e+06,104
5,-72505.3,6.6257e+06,104
5,-72505.3,6.62575e+06,104
5,-72505.3,6.6258e+06,104
5,-72505.3,6.62585e+06,104
5,-72505.4,6.6259e+06,104
5,-72505.3,6.62595e+06,104
5,-72505.4,6.626e+06,104
5,-72505.3,6.62605e+06,104
5,-73005.3,6.62565e+06,105
5,-73005.3,6.6256e+06,105
5,-73005.3,6.62555e+06,105
5,-73005.3,6.6255e+06,105
5,-73005.3,6.62545e+06,105
5,-73005.3,6.6254e+06,105
5,-73005.3,6.62535e+06,105
5,-73005.3,6.6253e+06,105
5,-73005.3,6.62525e+06,105
5,-73005.3,6.6252e+06,105
5,-73005.3,6.62515e+06,105
5,-73005.3,6.6251e+06,105
5,-73005.3,6.62505e+06,105
5,-73005.3,6.625e+06,105
5,-73005.3,6.62495e+06,105
5,-73005.3,6.6249e+06,105
5,-73005.3,6.62485e+06,105
5,-73005.3,6.6248e+06,105
5,-73005.3,6.62475e+06,105
5,-73005.3,6.6247e+06,105
5,-73005.3,6.62465e+06,105
5,-73005.3,6.6246e+06,105
5,-73005.3,6.62455e+06,105
5,-73005.3,6.6245e+06,105
5,-73005.3,6.62445e+06,105
5,-73005.3,6.6244e+06,105
5,-73005.3,6.62435e+06,105
5,-73005.3,6.6243e+06,105
5,-73005.3,6.62425e+06,105
5,-73005.3,6.6242e+06,105
5,-73005.3,6.62415e+06,105
5,-73005.3,6.6241e+06,105
5,-73005.3,6.62405e+06,105
5,-73005.3,6.624e+06,105
5,-73005.3,6.62395e+06,105
5,-73005.3,6.6239e+06,105
5,-73005.3,6.62385e+06,105
5,-73005.3,6.6238e+06,105
5,-73005.3,6.62375e+06,105
5,-73005.3,6.6237e+06,105
5,-73005.3,6.62365e+06,105
5,-73005.3,6.6236e+06,105
5,-73005.3,6.62355e+06,105
5,-73005.3,6.6235e+06,105
5,-73005.3,6.62345e+06,105
5,-73005.3,6.6234e+06,105
5,-73005.3,6.62335e+06,105
5,-73005.3,6.6233e+06,105
5,-73005.3,6.62325e+06,105
5,-73005.3,6.6232e+06,105
5,-73005.3,6.62315e+06,105
5,-73005.3,6.6231e+06,105
5,-73005.3,6.62305e+06,105
5,-73005.3,6.623e+06,105
5,-73005.3,6.62295e+06,105
5,-73005.3,6.6229e+06,105
5,-73005.3,6.62285e+06,105
5,-73005.3,6.6228e+06,105
5,-73005.3,6.62275e+06,105
5,-73005.3,6.6227e+06,105
5,-73005.3,6.62265e+06,105
5,-73005.3,6.6226e+06,105
5,-73005.3,6.62255e+06,105
5,-73005.3,6.6225e+06,105
5,-73005.3,6.62245e+06,105
5,-73005.4,6.6224e+06,105
5,-73005.3,6.62235e+06,105
5,-73005.3,6.6223e+06,105
5,-73005.3,6.62225e+06,105
5,-73005.3,6.6222e+06,105
5,-73005.3,6.62215e+06,105
5,-73005.3,6.6221e+06,105
5,-73005.3,6.62205e+06,105
5,-73005.3,6.622e+06,105
5,-73005.3,6.62195e+06,105
5,-73005.3,6.6219e+06,105
5,-73005.3,6.62185e+06,105
5,-73005.3,6.6218e+06,105
5,-73005.3,6.62175e+06,105
5,-73005.3,6.6217e+06,105
5,-73005.4,6.62165e+06,105
5,-73005.3,6.6216e+06,105
5,-73005.3,6.62155e+06,105
5,-73005.3,6.6215e+06,105
5,-73005.3,6.62145e+06,105
5,-73005.3,6.6214e+06,105
5,-73005.3,6.62135e+06,105
5,-73005.3,6.6213e+06,105
5,-73005.3,6.62125e+06,105
5,-73005.3,6.6212e+06,105
5,-73005.3,6.62115e+06,105
5,-73005.3,6.6211e+06,105
5,-73005.3,6.62105e+06,105
5,-73005.3,6.621e+06,105
5,-73005.3,6.62095e+06,105
5,-73005.4,6.6209e+06,105
5,-73005.3,6.62085e+06,105
5,-73005.3,6.6208e+06,105
5,-73005.3,6.62075e+06,105
5,-73005.3,6.6207e+06,105
5,-73005.3,6.62065e+06,105
5,-73005.3,6.6206e+06,105
5,-73005.3,6.62055e+06,105
5,-73005.3,6.6205e+06,105
7,-73513.3,6.61235e+06,106
7,-73513.3,6.6124e+06,106
7,-73513.3,6.61245e+06,106
7,-73513.3,6.6125e+06,106
7,-73513.3,6.61255e+06,106
7,-73513.3,6.6126e+06,106
7,-73513.3,6.61265e+06,106
7,-73513.3,6.6127e+06,106
7,-73513.3,6.61275e+06,106
7,-73513.3,6.6128e+06,106
7,-73513.3,6.61285e+06,106
7,-73513.3,6.6129e+06,106
7,-73513.3,6.61295e+06,106
7,-73513.3,6.613e+06,106
7,-73513.3,6.61305e+06,106
7,-73513.3,6.6131e+06,106
7,-73513.3,6.61315e+06,106
7,-73513.3,6.6132e+06,106
7,-73513.3,6.61325e+06,106
7,-73513.3,6.6133e+06,106
7,-73513.3,6.61335e+06,106
7,-73513.3,6.6134e+06,106
7,-73513.3,6.61345e+06,106
7,-73513.3,6.6135e+06,106
7,-73513.3,6.61355e+06,106
7,-73513.3,6.6136e+06,106
7,-73513.3,6.61365e+06,106
7,-73513.3,6.6137e+06,106
7,-73513.3,6.61375e+06,106
7,-73513.3,6.6138e+06,106
7,-73513.3,6.61385e+06,106
7,-73513.3,6.6139e+06,106
7,-73513.3,6.61395e+06,106
7,-73513.3,6.614e+06,106
7,-73513.3,6.61405e+06,106
7,-73513.3,6.6141e+06,106
7,-73513.3,6.61415e+06,106
7,-73513.3,6.6142e+06,106
7,-73513.3,6.61425e+06,106
7,-73513.3,6.6143e+06,106
7,-73513.3,6.61435e+06,106
7,-73513.3,6.6144e+06,106
7,-73513.3,6.61445e+06,106
7,-73513.3,6.6145e+06,106
7,-73513.3,6.61455e+06,106
7,-73513.3,6.6146e+06,106
7,-73513.3,6.61465e+06,106
7,-73513.3,6.6147e+06,106
7,-73513.3,6.61475e+06,106
7,-73513.3,6.6148e+06,106
7,-73513.3,6.61485e+06,106
7,-73513.3,6.6149e+06,106
7,-73513.3,6.61495e+06,106
7,-73513.3,6.615e+06,106
7,-73513.3,6.61505e+06,106
7,-73513.3,6.6151e+06,106
7,-73513.3,6.61515e+06,106
7,-73513.3,6.6152e+06,106
7,-73513.3,6.61525e+06,106
7,-73513.3,6.6153e+06,106
7,-73513.3,6.61535e+06,106
7,-73513.3,6.6154e+06,106
7,-73513.3,6.61545e+06,106
7,-73513.3,6.6155e+06,106
7,-73513.3,6.61555e+06,106
7,-73513.3,6.6156e+06,106
7,-73513.3,6.61565e+06,106
7,-73513.3,6.6157e+06,106
7,-73513.3,6.61575e+06,106
7,-73513.3,6.6158e+06,106
7,-73513.3,6.61585e+06,106
7,-73513.3,6.6159e+06,106
7,-73513.3,6.61595e+06,106
7,-73513.3,6.616e+06,106
7,-73513.3,6.61605e+06,106
7,-73513.3,6.6161e+06,106
7,-73513.3,6.61615e+06,106
7,-73513.3,6.6162e+06,106
7,-73513.3,6.61625e+06,106
7,-73513.3,6.6163e+06,106
7,-73513.3,6.61635e+06,106
7,-73513.3,6.6164e+06,106
7,-73513.3,6.61645e+06,106
7,-73513.3,6.6165e+06,106
7,-73513.3,6.61655e+06,106
7,-73513.3,6.6166e+06,106
7,-73513.3,6.61665e+06,106
7,-73513.3,6.6167e+06,106
7,-73513.3,6.61675e+06,106
7,-73513.3,6.6168e+06,106
7,-73513.3,6.61685e+06,106
7,-73513.3,6.6169e+06,106
7,-73513.3,6.61695e+06,106
7,-73513.3,6.617e+06,106
7,-73513.3,6.61705e+06,106
7,-73513.3,6.6171e+06,106
7,-73513.3,6.61715e+06,106
7,-73513.3,6.6172e+06,106
7,-73513.3,6.61725e+06,106
7,-73513.3,6.6173e+06,106
7,-73513.3,6.61735e+06,106
7,-73513.3,6.6174e+06,106
7,-73513.3,6.61745e+06,106
7,-73513.3,6.6175e+06,106
7,-73513.3,6.61755e+06,106
7,-73513.3,6.6176e+06,106
7,-73513.3,6.61765e+06,106
7,-73513.3,6.6177e+06,106
7,-73513.3,6.61775e+06,106
7,-73513.3,6.6178e+06,106
7,-73513.3,6.61785e+06,106
7,-73513.3,6.6179e+06,106
7,-73513.3,6.61795e+06,106
7,-73513.3,6.618e+06,106
7,-73513.3,6.61805e+06,106
7,-73513.3,6.6181e+06,106
7,-73513.3,6.61815e+06,106
7,-73513.3,6.6182e+06,106
7,-73513.3,6.61825e+06,106
7,-73513.3,6.6183e+06,106
7,-73513.3,6.61835e+06,106
7,-73513.3,6.6184e+06,106
7,-73513.3,6.61845e+06,106
7,-73513.3,6.6185e+06,106
7,-73513.3,6.61855e+06,106
7,-73513.3,6.6186e+06,106
7,-73513.3,6.61865e+06,106
7,-73513.3,6.6187e+06,106
7,-73513.3,6.61875e+06,106
7,-73513.3,6.6188e+06,106
7,-73513.3,6.61885e+06,106
7,-73513.3,6.6189e+06,106
7,-73513.3,6.61895e+06,106
7,-73513.3,6.619e+06,106
7,-73513.3,6.61905e+06,106
7,-73513.3,6.6191e+06,106
7,-73513.3,6.61915e+06,106
7,-73513.3,6.6192e+06,106
7,-73513.3,6.61925e+06,106
7,-73513.3,6.6193e+06,106
7,-73513.3,6.61935e+06,106
7,-73513.3,6.6194e+06,106
7,-73513.3,6.61945e+06,106
7,-73513.3,6.6195e+06,106
7,-73513.3,6.61955e+06,106
7,-73513.3,6.6196e+06,106
7,-73513.3,6.61965e+06,106
7,-73513.3,6.6197e+06,106
7,-73513.3,6.61975e+06,106
7,-73513.3,6.6198e+06,106
7,-73513.3,6.61985e+06,106
7,-73513.3,6.6199e+06,106
7,-73513.3,6.61995e+06,106
7,-73513.3,6.62e+06,106
7,-73513.3,6.62005e+06,106
7,-73513.3,6.6201e+06,106
7,-73513.3,6.62015e+06,106
7,-73513.3,6.6202e+06,106
7,-73513.3,6.62025e+06,106
7,-73513.3,6.6203e+06,106
7,-73513.3,6.62035e+06,106
7,-73513.3,6.6204e+06,106
7,-73513.3,6.62045e+06,106
7,-73513.3,6.6205e+06,106
7,-73513.3,6.62055e+06,106
7,-73513.3,6.6206e+06,106
7,-73513.3,6.62065e+06,106
7,-73513.3,6.6207e+06,106
7,-73513.3,6.62075e+06,106
7,-73513.3,6.6208e+06,106
7,-73513.3,6.62085e+06,106
7,-73513.3,6.6209e+06,106
7,-73513.3,6.62095e+06,106
7,-73513.3,6.621e+06,106
7,-73513.3,6.62105e+06,106
7,-73513.3,6.6211e+06,106
7,-73513.3,6.62115e+06,106
7,-73513.3,6.6212e+06,106
7,-73513.3,6.62125e+06,106
7,-73513.3,6.6213e+06,106
7,-73513.3,6.62135e+06,106
7,-73513.3,6.6214e+06,106
7,-73513.3,6.62145e+06,106
7,-73513.3,6.6215e+06,106
7,-73513.3,6.62155e+06,106
7,-73513.3,6.6216e+06,106
7,-73513.3,6.62165e+06,106
7,-73513.3,6.6217e+06,106
7,-73513.3,6.62175e+06,106
7,-73513.3,6.6218e+06,106
7,-73513.3,6.62185e+06,106
7,-73513.3,6.6219e+06,106
7,-73513.3,6.62195e+06,106
7,-73513.3,6.622e+06,106
7,-73513.3,6.62205e+06,106
7,-73513.3,6.6221e+06,106
7,-73513.3,6.62215e+06,106
7,-73513.3,6.6222e+06,106
7,-73513.3,6.62225e+06,106
7,-73513.3,6.6223e+06,106
7,-73513.3,6.62235e+06,106
7,-73513.3,6.6224e+06,106
7,-73513.3,6.62245e+06,106
7,-73513.3,6.6225e+06,106
7,-73513.3,6.62255e+06,106
7,-73513.3,6.6226e+06,106
7,-73513.3,6.62265e+06,106
7,-73513.3,6.6227e+06,106
7,-73513.3,6.62275e+06,106
7,-73513.3,6.6228e+06,106
7,-73513.3,6.62285e+06,106
7,-73513.3,6.6229e+06,106
7,-73513.3,6.62295e+06,106
7,-73513.3,6.623e+06,106
7,-73513.3,6.62305e+06,106
7,-73513.3,6.6231e+06,106
7,-73513.3,6.62315e+06,106
7,-73513.3,6.6232e+06,106
7,-73513.3,6.62325e+06,106
7,-73513.3,6.6233e+06,106
7,-73513.3,6.62335e+06,106
7,-73513.3,6.6234e+06,106
7,-73513.3,6.62345e+06,106
7,-73513.3,6.6235e+06,106
7,-73513.3,6.62355e+06,106
7,-73513.3,6.6236e+06,106
7,-73513.3,6.62365e+06,106
7,-73513.3,6.6237e+06,106
7,-73513.3,6.62375e+06,106
7,-73513.3,6.6238e+06,106
7,-73513.3,6.62385e+06,106
7,-73513.3,6.6239e+06,106
7,-73513.3,6.62395e+06,106
7,-73513.3,6.624e+06,106
7,-73513.3,6.62405e+06,106
7,-73513.3,6.6241e+06,106
7,-73513.3,6.62415e+06,106
7,-73513.3,6.6242e+06,106
7,-73513.3,6.62425e+06,106
7,-73513.3,6.6243e+06,106
7,-73513.3,6.62435e+06,106
7,-73513.3,6.6244e+06,106
7,-73513.3,6.62445e+06,106
7,-73513.3,6.6245e+06,106
7,-73513.3,6.62455e+06,106
7,-73513.3,6.6246e+06,106
7,-73513.3,6.62465e+06,106
7,-73513.3,6.6247e+06,106
7,-73513.3,6.62475e+06,106
7,-73513.3,6.6248e+06,106
7,-73513.3,6.62485e+06,106
7,-73513.3,6.6249e+06,106
7,-73513.3,6.62495e+06,106
7,-73513.3,6.625e+06,106
7,-73513.3,6.62505e+06,106
7,-73513.3,6.6251e+06,106
7,-73513.3,6.62515e+06,106
7,-73513.3,6.6252e+06,106
8,-74005.3,6.62475e+06,107
8,-74005.4,6.6247e+06,107
8,-74005.3,6.62465e+06,107
8,-74005.4,6.6246e+06,107
8,-74005.3,6.62455e+06,107
8,-74005.4,6.6245e+06,107
8,-74005.3,6.62445e+06,107
8,-74005.4,6.6244e+06,107
8,-74005.3,6.62435e+06,107
8,-74005.3,6.6243e+06,107
8,-74005.3,6.62425e+06,107
8,-74005.3,6.6242e+06,107
8,-74005.3,6.62415e+06,107
8,-74005.3,6.6241e+06,107
8,-74005.4,6.62405e+06,107
8,-74005.3,6.624e+06,107
8,-74005.4,6.62395e+06,107
8,-74005.3,6.6239e+06,107
8,-74005.4,6.62385e+06,107
8,-74005.3,6.6238e+06,107
8,-74005.4,6.62375e+06,107
8,-74005.3,6.6237e+06,107
8,-74005.4,6.62365e+06,107
8,-74005.3,6.6236e+06,107
8,-74005.3,6.62355e+06,107
8,-74005.3,6.6235e+06,107
8,-74005.3,6.62345e+06,107
8,-74005.4,6.6234e+06,107
8,-74005.3,6.62335e+06,107
8,-74005.4,6.6233e+06,107
8,-74005.3,6.62325e+06,107
8,-74005.4,6.6232e+06,107
8,-74005.3,6.62315e+06,107
8,-74005.4,6.6231e+06,107
8,-74005.3,6.62305e+06,107
8,-74005.4,6.623e+06,107
8,-74005.3,6.62295e+06,107
8,-74005.4,6.6229e+06,107
8,-74005.3,6.62285e+06,107
8,-74005.3,6.6228e+06,107
8,-74005.3,6.62275e+06,107
8,-74005.3,6.6227e+06,107
8,-74005.4,6.62265e+06,107
8,-74005.3,6.6226e+06,107
8,-74005.4,6.62255e+06,107
8,-74005.3,6.6225e+06,107
8,-74005.4,6.62245e+06,107
8,-74005.3,6.6224e+06,107
8,-74005.4,6.62235e+06,107
8,-74005.3,6.6223e+06,107
8,-74005.4,6.62225e+06,107
8,-74005.3,6.6222e+06,107
8,-74005.4,6.62215e+06,107
8,-74005.3,6.6221e+06,107
8,-74005.3,6.62205e+06,107
8,-74005.3,6.622e+06,107
8,-74005.3,6.62195e+06,107
8,-74005.4,6.6219e+06,107
8,-74005.3,6.62185e+06,107
8,-74005.4,6.6218e+06,107
8,-74005.3,6.62175e+06,107
8,-74005.4,6.6217e+06,107
8,-74005.3,6.62165e+06,107
8,-74005.4,6.6216e+06,107
8,-74005.3,6.62155e+06,107
8,-74005.4,6.6215e+06,107
8,-74005.3,6.62145e+06,107
8,-74005.4,6.6214e+06,107
8,-74005.3,6.62135e+06,107
8,-74005.3,6.6213e+06,107
8,-74005.3,6.62125e+06,107
8,-74005.3,6.6212e+06,107
8,-74005.4,6.62115e+06,107
8,-74005.3,6.6211e+06,107
8,-74005.4,6.62105e+06,107
8,-74005.3,6.621e+06,107
8,-74005.4,6.62095e+06,107
8,-74005.3,6.6209e+06,107
8,-74005.4,6.62085e+06,107
8,-74005.3,6.6208e+06,107
8,-74005.4,6.62075e+06,107
8,-74005.3,6.6207e+06,107
8,-74005.4,6.62065e+06,107
8,-74005.3,6.6206e+06,107
8,-74005.3,6.62055e+06,107
8,-74005.3,6.6205e+06,107
8,-74005.3,6.62045e+06,107
8,-74005.4,6.6204e+06,107
8,-74005.3,6.62035e+06,107
8,-74005.4,6.6203e+06,107
8,-74005.3,6.62025e+06,107
8,-74005.4,6.6202e+06,107
8,-74005.3,6.62015e+06,107
8,-74005.4,6.6201e+06,107
8,-74005.3,6.62005e+06,107
8,-74005.4,6.62e+06,107
8,-74005.3,6.61995e+06,107
8,-74005.4,6.6199e+06,107
8,-74005.3,6.61985e+06,107
8,-74005.3,6.6198e+06,107
8,-74005.3,6.61975e+06,107
8,-74005.3,6.6197e+06,107
8,-74005.4,6.61965e+06,107
8,-74005.3,6.6196e+06,107
8,-74005.4,6.61955e+06,107
8,-74005.3,6.6195e+06,107
8,-74005.4,6.61945e+06,107
8,-74005.3,6.6194e+06,107
8,-74005.4,6.61935e+06,107
8,-74005.3,6.6193e+06,107
8,-74005.4,6.61925e+06,107
8,-74005.3,6.6192e+06,107
8,-74005.3,6.61915e+06,107
8,-74005.3,6.6191e+06,107
8,-74005.3,6.61905e+06,107
8,-74005.3,6.619e+06,107
8,-74005.3,6.61895e+06,107
8,-74005.4,6.6189e+06,107
8,-74005.3,6.61885e+06,107
8,-74005.4,6.6188e+06,107
8,-74005.3,6.61875e+06,107
8,-74005.4,6.6187e+06,107
8,-74005.3,6.61865e+06,107
8,-74005.4,6.6186e+06,107
8,-74005.3,6.61855e+06,107
8,-74005.4,6.6185e+06,107
8,-74005.3,6.61845e+06,107
8,-74005.3,6.6184e+06,107
8,-74005.3,6.61835e+06,107
8,-74005.3,6.6183e+06,107
8,-74005.3,6.61825e+06,107
8,-74005.3,6.6182e+06,107
8,-74005.4,6.61815e+06,107
8,-74005.3,6.6181e+06,107
8,-74005.4,6.61805e+06,107
8,-74005.3,6.618e+06,107
8,-74005.4,6.61795e+06,107
8,-74005.3,6.6179e+06,107
8,-74005.4,6.61785e+06,107
8,-74005.3,6.6178e+06,107
8,-74005.4,6.61775e+06,107
8,-74005.3,6.6177e+06,107
8,-74005.3,6.61765e+06,107
8,-74005.3,6.6176e+06,107
8,-74005.3,6.61755e+06,107
8,-74005.4,6.6175e+06,107
8,-74005.3,6.61745e+06,107
8,-74005.4,6.6174e+06,107
8,-74005.3,6.61735e+06,107
8,-74005.4,6.6173e+06,107
8,-74005.3,6.61725e+06,107
8,-74005.4,6.6172e+06,107
8,-74005.3,6.61715e+06,107
8,-74005.4,6.6171e+06,107
8,-74005.3,6.61705e+06,107
8,-74005.4,6.617e+06,107
8,-74005.3,6.61695e+06,107
8,-74005.3,6.6169e+06,107
8,-74005.3,6.61685e+06,107
8,-74005.3,6.6168e+06,107
8,-74005.4,6.61675e+06,107
8,-74005.3,6.6167e+06,107
8,-74005.4,6.61665e+06,107
8,-74005.3,6.6166e+06,107
8,-74005.4,6.61655e+06,107
8,-74005.3,6.6165e+06,107
8,-74005.4,6.61645e+06,107
8,-74005.3,6.6164e+06,107
8,-74005.4,6.61635e+06,107
8,-74005.3,6.6163e+06,107
8,-74005.4,6.61625e+06,107
8,-74005.3,6.6162e+06,107
8,-74005.3,6.61615e+06,107
8,-74005.3,6.6161e+06,107
8,-74005.3,6.61605e+06,107
8,-74005.4,6.616e+06,107
8,-74005.3,6.61595e+06,107
8,-74005.4,6.6159e+06,107
8,-74005.3,6.61585e+06,107
8,-74005.4,6.6158e+06,107
8,-74005.3,6.61575e+06,107
8,-74005.4,6.6157e+06,107
8,-74005.3,6.61565e+06,107
8,-74005.4,6.6156e+06,107
8,-74005.3,6.61555e+06,107
8,-74005.4,6.6155e+06,107
8,-74005.3,6.61545e+06,107
8,-74005.3,6.6154e+06,107
8,-74005.3,6.61535e+06,107
8,-74005.3,6.6153e+06,107
8,-74005.4,6.61525e+06,107
8,-74005.3,6.6152e+06,107
8,-74005.4,6.61515e+06,107
8,-74005.3,6.6151e+06,107
8,-74005.4,6.61505e+06,107
8,-74005.3,6.615e+06,107
8,-74005.4,6.61495e+06,107
8,-74005.3,6.6149e+06,107
8,-74005.4,6.61485e+06,107
8,-74005.3,6.6148e+06,107
8,-74005.4,6.61475e+06,107
8,-74005.3,6.6147e+06,107
8,-74005.3,6.61465e+06,107
8,-74005.3,6.6146e+06,107
8,-74005.3,6.61455e+06,107
8,-74005.4,6.6145e+06,107
8,-74005.3,6.61445e+06,107
8,-74005.4,6.6144e+06,107
8,-74005.3,6.61435e+06,107
8,-74005.4,6.6143e+06,107
8,-74005.3,6.61425e+06,107
8,-74005.4,6.6142e+06,107
8,-74005.3,6.61415e+06,107
8,-74005.4,6.6141e+06,107
8,-74005.3,6.61405e+06,107
8,-74005.3,6.614e+06,107
8,-74005.3,6.61395e+06,107
8,-74005.3,6.6139e+06,107
8,-74005.3,6.61385e+06,107
8,-74005.3,6.6138e+06,107
8,-74005.4,6.61375e+06,107
8,-74005.3,6.6137e+06,107
8,-74005.4,6.61365e+06,107
8,-74005.3,6.6136e+06,107
8,-74005.4,6.61355e+06,107
8,-74005.3,6.6135e+06,107
8,-74005.4,6.61345e+06,107
8,-74005.3,6.6134e+06,107
8,-74005.4,6.61335e+06,107
8,-74005.3,6.6133e+06,107
8,-74005.3,6.61325e+06,107
8,-74005.3,6.6132e+06,107
8,-74005.3,6.61315e+06,107
8,-74005.3,6.6131e+06,107
8,-74005.3,6.61305e+06,107
8,-74005.4,6.613e+06,107
8,-74005.3,6.61295e+06,107
8,-74005.4,6.6129e+06,107
8,-74005.3,6.61285e+06,107
8,-74005.4,6.6128e+06,107
8,-74005.3,6.61275e+06,107
8,-74005.4,6.6127e+06,107
8,-74005.3,6.61265e+06,107
8,-74005.4,6.6126e+06,107
8,-74005.3,6.61255e+06,107
8,-74005.3,6.6125e+06,107
8,-74005.3,6.61245e+06,107
8,-74005.3,6.6124e+06,107
8,-74005.3,6.61235e+06,107
8,-74005.3,6.6123e+06,107
8,-74005.4,6.61225e+06,107
8,-74005.3,6.6122e+06,107
8,-74005.4,6.61215e+06,107
8,-74005.3,6.6121e+06,107
8,-74005.4,6.61205e+06,107
8,-74005.3,6.612e+06,107
8,-74005.4,6.61195e+06,107
8,-74005.3,6.6119e+06,107
8,-74005.4,6.61185e+06,107
8,-74005.3,6.6118e+06,107
8,-74005.3,6.61175e+06,107
8,-74005.3,6.6117e+06,107
8,-74005.3,6.61165e+06,107
8,-74005.4,6.6116e+06,107
8,-74005.3,6.61155e+06,107
8,-74005.4,6.6115e+06,107
8,-74005.3,6.61145e+06,107
8,-74005.4,6.6114e+06,107
9,-74507.8,6.61197e+06,108
9,-74507.8,6.61202e+06,108
9,-74507.8,6.61207e+06,108
9,-74507.8,6.61212e+06,108
9,-74507.8,6.61217e+06,108
9,-74507.8,6.61222e+06,108
9,-74507.8,6.61227e+06,108
9,-74507.8,6.61232e+06,108
9,-74507.8,6.61237e+06,108
9,-74507.8,6.61242e+06,108
9,-74507.8,6.61247e+06,108
9,-74507.8,6.61252e+06,108
9,-74507.8,6.61257e+06,108
9,-74507.8,6.61262e+06,108
9,-74507.8,6.61267e+06,108
9,-74507.8,6.61272e+06,108
9,-74507.8,6.61277e+06,108
9,-74507.8,6.61282e+06,108
9,-74507.8,6.61287e+06,108
9,-74507.8,6.61292e+06,108
9,-74507.8,6.61297e+06,108
9,-74507.8,6.61302e+06,108
9,-74507.8,6.61307e+06,108
9,-74507.8,6.61312e+06,108
9,-74507.8,6.61317e+06,108
9,-74507.8,6.61322e+06,108
9,-74507.8,6.61327e+06,108
9,-74507.8,6.61332e+06,108
9,-74507.8,6.61337e+06,108
9,-74507.8,6.61342e+06,108
9,-74507.8,6.61347e+06,108
9,-74507.8,6.61352e+06,108
9,-74507.8,6.61357e+06,108
9,-74507.8,6.61362e+06,108
9,-74507.8,6.61367e+06,108
9,-74507.8,6.61372e+06,108
9,-74507.8,6.61377e+06,108
9,-74507.8,6.61382e+06,108
9,-74507.8,6.61387e+06,108
9,-74507.8,6.61392e+06,108
9,-74507.8,6.61397e+06,108
9,-74507.8,6.61402e+06,108
9,-74507.8,6.61407e+06,108
9,-74507.8,6.61412e+06,108
9,-74507.8,6.61417e+06,108
9,-74507.8,6.61422e+06,108
9,-74507.8,6.61427e+06,108
9,-74507.8,6.61432e+06,108
9,-74507.8,6.61437e+06,108
9,-74507.8,6.61442e+06,108
9,-74507.8,6.61447e+06,108
9,-74507.8,6.61452e+06,108
9,-74507.8,6.61457e+06,108
9,-74507.8,6.61462e+06,108
9,-74507.8,6.61467e+06,108
9,-74507.8,6.61472e+06,108
9,-74507.8,6.61477e+06,108
9,-74507.8,6.61482e+06,108
9,-74507.8,6.61487e+06,108
9,-74507.8,6.61492e+06,108
9,-74507.8,6.61497e+06,108
9,-74507.8,6.61502e+06,108
9,-74507.8,6.61507e+06,108
9,-74507.8,6.61512e+06,108
9,-74507.8,6.61517e+06,108
9,-74507.8,6.61522e+06,108
9,-74507.8,6.61527e+06,108
9,-74507.8,6.61532e+06,108
9,-74507.8,6.61537e+06,108
9,-74507.8,6.61542e+06,108
9,-74507.8,6.61547e+06,108
9,-74507.8,6.61552e+06,108
9,-74507.8,6.61557e+06,108
9,-74507.8,6.61562e+06,108
9,-74507.8,6.61567e+06,108
9,-74507.8,6.61572e+06,108
9,-74507.8,6.61577e+06,108
9,-74507.8,6.61582e+06,108
9,-74507.8,6.61587e+06,108
9,-74507.8,6.61592e+06,108
9,-74507.8,6.61597e+06,108
9,-74507.8,6.61602e+06,108
9,-74507.8,6.61607e+06,108
9,-74507.8,6.61612e+06,108
9,-74507.8,6.61617e+06,108
9,-74507.8,6.61622e+06,108
9,-74507.8,6.61627e+06,108
9,-74507.8,6.61632e+06,108
9,-74507.8,6.61637e+06,108
9,-74507.8,6.61642e+06,108
9,-74507.8,6.61647e+06,108
9,-74507.8,6.61652e+06,108
9,-74507.8,6.61657e+06,108
9,-74507.8,6.61662e+06,108
9,-74507.8,6.61667e+06,108
9,-74507.8,6.61672e+06,108
9,-74507.8,6.61677e+06,108
9,-74507.8,6.61682e+06,108
9,-74507.8,6.61687e+06,108
9,-74507.8,6.61692e+06,108
9,-74507.8,6.61697e+06,108
9,-74507.8,6.61702e+06,108
9,-74507.8,6.61707e+06,108
9,-74507.8,6.61712e+06,108
9,-74507.8,6.61717e+06,108
9,-74507.8,6.61722e+06,108
9,-74507.8,6.61727e+06,108
9,-74507.8,6.61732e+06,108
9,-74507.8,6.61737e+06,108
9,-74507.8,6.61742e+06,108
9,-74507.8,6.61747e+06,108
9,-74507.8,6.61752e+06,108
9,-74507.8,6.61757e+06,108
9,-74507.8,6.61762e+06,108
9,-74507.8,6.61767e+06,108
9,-74507.8,6.61772e+06,108
9,-74507.8,6.61777e+06,108
9,-74507.8,6.61782e+06,108
9,-74507.8,6.61787e+06,108
9,-74507.8,6.61792e+06,108
9,-74507.8,6.61797e+06,108
9,-74507.8,6.61802e+06,108
9,-74507.8,6.61807e+06,108
9,-74507.8,6.61812e+06,108
9,-74507.8,6.61817e+06,108
9,-74507.8,6.61822e+06,108
9,-74507.8,6.61827e+06,108
9,-74507.8,6.61832e+06,108
9,-74507.8,6.61837e+06,108
9,-74507.8,6.61842e+06,108
9,-74507.8,6.61847e+06,108
9,-74507.8,6.61852e+06,108
9,-74507.8,6.61857e+06,108
9,-74507.8,6.61862e+06,108
9,-74507.8,6.61867e+06,108
9,-74507.8,6.61872e+06,108
9,-74507.8,6.61877e+06,108
9,-74507.8,6.61882e+06,108
9,-74507.8,6.61887e+06,108
9,-74507.8,6.61892e+06,108
9,-74507.8,6.61897e+06,108
9,-74507.8,6.61902e+06,108
9,-74507.8,6.61907e+06,108
9,-74507.8,6.61912e+06,108
9,-74507.8,6.61917e+06,108
9,-74507.8,6.61922e+06,108
9,-74507.8,6.61927e+06,108
9,-74507.8,6.61932e+06,108
9,-74507.8,6.61937e+06,108
9,-74507.8,6.61942e+06,108
9,-74507.8,6.61947e+06,108
9,-74507.8,6.61952e+06,108
9,-74507.8,6.61957e+06,108
9,-74507.8,6.61962e+06,108
9,-74507.8,6.61967e+06,108
9,-74507.8,6.61972e+06,108
9,-74507.8,6.61977e+06,108
9,-74507.8,6.61982e+06,108
9,-74507.8,6.61987e+06,108
9,-74507.8,6.61992e+06,108
9,-74507.8,6.61997e+06,108
9,-74507.8,6.62002e+06,108
9,-74507.8,6.62007e+06,108
9,-74507.8,6.62012e+06,108
9,-74507.8,6.62017e+06,108
9,-74507.8,6.62022e+06,108
9,-74507.8,6.62027e+06,108
9,-74507.8,6.62032e+06,108
9,-74507.8,6.62037e+06,108
9,-74507.8,6.62042e+06,108
9,-74507.8,6.62047e+06,108
9,-74507.8,6.62052e+06,108
9,-74507.8,6.62057e+06,108
9,-74507.8,6.62062e+06,108
9,-74507.8,6.62067e+06,108
9,-74507.8,6.62072e+06,108
9,-74507.8,6.62077e+06,108
9,-74507.8,6.62082e+06,108
9,-74507.8,6.62087e+06,108
9,-74507.8,6.62092e+06,108
9,-74507.8,6.62097e+06,108
9,-74507.8,6.62102e+06,108
9,-74507.8,6.62107e+06,108
9,-74507.8,6.62112e+06,108
9,-74507.8,6.62117e+06,108
9,-74507.8,6.62122e+06,108
9,-74507.8,6.62127e+06,108
9,-74507.8,6.62132e+06,108
9,-74507.8,6.62137e+06,108
9,-74507.8,6.62142e+06,108
9,-74507.8,6.62147e+06,108
9,-74507.8,6.62152e+06,108
9,-74507.8,6.62157e+06,108
9,-74507.8,6.62162e+06,108
9,-74507.8,6.62167e+06,108
9,-74507.8,6.62172e+06,108
9,-74507.8,6.62177e+06,108
9,-74507.8,6.62182e+06,108
9,-74507.8,6.62187e+06,108
9,-74507.8,6.62192e+06,108
9,-74507.8,6.62197e+06,108
9,-74507.8,6.62202e+06,108
9,-74507.8,6.62207e+06,108
9,-74507.8,6.62212e+06,108
9,-74507.8,6.62217e+06,108
9,-74507.8,6.62222e+06,108
9,-74507.8,6.62227e+06,108
9,-74507.8,6.62232e+06,108
9,-74507.8,6.62237e+06,108
9,-74507.8,6.62242e+06,108
9,-74507.8,6.62247e+06,108
9,-74507.8,6.62252e+06,108
9,-74507.8,6.62257e+06,108
9,-74507.8,6.62262e+06,108
9,-74507.8,6.62267e+06,108
9,-74507.8,6.62272e+06,108
9,-74507.8,6.62277e+06,108
9,-74507.8,6.62282e+06,108
9,-74507.8,6.62287e+06,108
9,-74507.8,6.62292e+06,108
9,-74507.8,6.62297e+06,108
9,-74507.8,6.62302e+06,108
9,-74507.8,6.62307e+06,108
9,-74507.8,6.62312e+06,108
9,-74507.8,6.62317e+06,108
9,-74507.8,6.62322e+06,108
9,-74507.8,6.62327e+06,108
9,-74507.8,6.62332e+06,108
9,-74507.8,6.62337e+06,108
9,-74507.8,6.62342e+06,108
9,-74507.8,6.62347e+06,108
9,-74507.8,6.62352e+06,108
9,-74507.8,6.62357e+06,108
9,-74507.8,6.62362e+06,108
9,-74507.8,6.62367e+06,108
9,-74507.8,6.62372e+06,108
9,-74507.8,6.62377e+06,108
9,-74507.8,6.62382e+06,108
9,-74507.8,6.62387e+06,108
9,-74507.8,6.62392e+06,108
9,-74507.8,6.62397e+06,108
9,-74507.8,6.62402e+06,108
9,-74507.8,6.62407e+06,108
9,-74507.8,6.62412e+06,108
9,-74507.8,6.62417e+06,108
9,-74507.8,6.62422e+06,108
9,-74507.8,6.62427e+06,108
9,-74507.8,6.62432e+06,108
9,-74507.8,6.62437e+06,108
9,-74507.8,6.62442e+06,108
9,-74507.8,6.62447e+06,108
9,-74507.8,6.62452e+06,108
9,-74507.8,6.62457e+06,108
9,-74507.8,6.62462e+06,108
9,-74507.8,6.62467e+06,108
9,-74507.8,6.62472e+06,108
9,-74507.8,6.62477e+06,108
9,-74507.8,6.62482e+06,108
10,-75005.3,6.6259e+06,109
10,-75005.3,6.62585e+06,109
10,-75005.3,6.6258e+06,109
10,-75005.3,6.62575e+06,109
10,-75005.3,6.6257e+06,109
10,-75005.3,6.62565e+06,109
10,-75005.3,6.6256e+06,109
10,-75005.3,6.62555e+06,109
10,-75005.3,6.6255e+06,109
10,-75005.3,6.62545e+06,109
10,-75005.3,6.6254e+06,109
10,-75005.3,6.62535e+06,109
10,-75005.3,6.6253e+06,109
10,-75005.3,6.62525e+06,109
10,-75005.3,6.6252e+06,109
10,-75005.3,6.62515e+06,109
10,-75005.3,6.6251e+06,109
10,-75005.3,6.62505e+06,109
10,-75005.3,6.625e+06,109
10,-75005.3,6.62495e+06,109
10,-75005.3,6.6249e+06,109
10,-75005.3,6.62485e+06,109
10,-75005.3,6.6248e+06,109
10,-75005.3,6.62475e+06,109
10,-75005.3,6.6247e+06,109
10,-75005.3,6.62465e+06,109
10,-75005.3,6.6246e+06,109
10,-75005.3,6.62455e+06,109
10,-75005.3,6.6245e+06,109
10,-75005.3,6.62445e+06,109
10,-75005.3,6.6244e+06,109
10,-75005.3,6.62435e+06,109
10,-75005.3,6.6243e+06,109
10,-75005.3,6.62425e+06,109
10,-75005.3,6.6242e+06,109
10,-75005.3,6.62415e+06,109
10,-75005.3,6.6241e+06,109
10,-75005.3,6.62405e+06,109
10,-75005.3,6.624e+06,109
10,-75005.3,6.62395e+06,109
10,-75005.3,6.6239e+06,109
10,-75005.3,6.62385e+06,109
10,-75005.3,6.6238e+06,109
10,-75005.3,6.62375e+06,109
10,-75005.3,6.6237e+06,109
10,-75005.3,6.62365e+06,109
10,-75005.3,6.6236e+06,109
10,-75005.3,6.62355e+06,109
10,-75005.3,6.6235e+06,109
10,-75005.3,6.62345e+06,109
10,-75005.3,6.6234e+06,109
10,-75005.3,6.62335e+06,109
10,-75005.3,6.6233e+06,109
10,-75005.3,6.62325e+06,109
10,-75005.3,6.6232e+06,109
10,-75005.3,6.62315e+06,109
10,-75005.3,6.6231e+06,109
10,-75005.3,6.62305e+06,109
10,-75005.3,6.623e+06,109
10,-75005.3,6.62295e+06,109
10,-75005.3,6.6229e+06,109
10,-75005.3,6.62285e+06,109
10,-75005.3,6.6228e+06,109
10,-75005.3,6.62275e+06,109
10,-75005.3,6.6227e+06,109
10,-75005.3,6.62265e+06,109
10,-75005.3,6.6226e+06,109
10,-75005.3,6.62255e+06,109
10,-75005.3,6.6225e+06,109
10,-75005.3,6.62245e+06,109
10,-75005.3,6.6224e+06,109
10,-75005.3,6.62235e+06,109
10,-75005.3,6.6223e+06,109
10,-75005.3,6.62225e+06,109
10,-75005.3,6.6222e+06,109
10,-75005.3,6.62215e+06,109
10,-75005.3,6.6221e+06,109
10,-75005.3,6.62205e+06,109
10,-75005.3,6.622e+06,109
10,-75005.3,6.62195e+06,109
10,-75005.3,6.6219e+06,109
10,-75005.3,6.62185e+06,109
10,-75005.3,6.6218e+06,109
10,-75005.3,6.62175e+06,109
10,-75005.3,6.6217e+06,109
10,-75005.3,6.62165e+06,109
10,-75005.3,6.6216e+06,109
10,-75005.3,6.62155e+06,109
10,-75005.3,6.6215e+06,109
10,-75005.3,6.62145e+06,109
10,-75005.3,6.6214e+06,109
10,-75005.3,6.62135e+06,109
10,-75005.3,6.6213e+06,109
10,-75005.3,6.62125e+06,109
10,-75005.3,6.6212e+06,109
10,-75005.3,6.62115e+06,109
10,-75005.3,6.6211e+06,109
10,-75005.3,6.62105e+06,109
10,-75005.3,6.621e+06,109
10,-75005.3,6.62095e+06,109
10,-75005.3,6.6209e+06,109
10,-75005.3,6.62085e+06,109
10,-75005.3,6.6208e+06,109
10,-75005.3,6.62075e+06,109
10,-75005.3,6.6207e+06,109
10,-75005.3,6.62065e+06,109
10,-75005.3,6.6206e+06,109
10,-75005.3,6.62055e+06,109
10,-75005.3,6.6205e+06,109
10,-75005.3,6.62045e+06,109
10,-75005.3,6.6204e+06,109
10,-75005.3,6.62035e+06,109
10,-75005.3,6.6203e+06,109
10,-75005.3,6.62025e+06,109
10,-75005.3,6.6202e+06,109
10,-75005.3,6.62015e+06,109
10,-75005.3,6.6201e+06,109
10,-75005.3,6.62005e+06,109
10,-75005.3,6.62e+06,109
10,-75005.3,6.61995e+06,109
10,-75005.3,6.6199e+06,109
10,-75005.3,6.61985e+06,109
10,-75005.3,6.6198e+06,109
10,-75005.3,6.61975e+06,109
10,-75005.3,6.6197e+06,109
10,-75005.3,6.61965e+06,109
10,-75005.3,6.6196e+06,109
10,-75005.3,6.61955e+06,109
10,-75005.3,6.6195e+06,109
10,-75005.3,6.61945e+06,109
10,-75005.3,6.6194e+06,109
10,-75005.3,6.61935e+06,109
10,-75005.3,6.6193e+06,109
10,-75005.3,6.61925e+06,109
10,-75005.3,6.6192e+06,109
10,-75005.3,6.61915e+06,109
10,-75005.3,6.6191e+06,109
10,-75005.3,6.61905e+06,109
10,-75005.3,6.619e+06,109
10,-75005.3,6.61895e+06,109
10,-75005.3,6.6189e+06,109
10,-75005.3,6.61885e+06,109
10,-75005.3,6.6188e+06,109
10,-75005.3,6.61875e+06,109
10,-75005.3,6.6187e+06,109
10,-75005.3,6.61865e+06,109
10,-75005.3,6.6186e+06,109
10,-75005.3,6.61855e+06,109
10,-75005.3,6.6185e+06,109
10,-75005.3,6.61845e+06,109
10,-75005.3,6.6184e+06,109
10,-75005.3,6.61835e+06,109
10,-75005.3,6.6183e+06,109
10,-75005.3,6.61825e+06,109
10,-75005.3,6.6182e+06,109
10,-75005.3,6.61815e+06,109
10,-75005.3,6.6181e+06,109
10,-75005.3,6.61805e+06,109
10,-75005.3,6.618e+06,109
10,-75005.3,6.61795e+06,109
10,-75005.3,6.6179e+06,109
10,-75005.3,6.61785e+06,109
10,-75005.3,6.6178e+06,109
10,-75005.3,6.61775e+06,109
10,-75005.3,6.6177e+06,109
10,-75005.3,6.61765e+06,109
10,-75005.3,6.6176e+06,109
10,-75005.3,6.61755e+06,109
10,-75005.3,6.6175e+06,109
10,-75005.3,6.61745e+06,109
10,-75005.3,6.6174e+06,109
10,-75005.3,6.61735e+06,109
10,-75005.3,6.6173e+06,109
10,-75005.3,6.61725e+06,109
10,-75005.3,6.6172e+06,109
10,-75005.3,6.61715e+06,109
10,-75005.3,6.6171e+06,109
10,-75005.3,6.61705e+06,109
10,-75005.3,6.617e+06,109
10,-75005.3,6.61695e+06,109
10,-75005.3,6.6169e+06,109
10,-75005.3,6.61685e+06,109
10,-75005.3,6.6168e+06,109
10,-75005.3,6.61675e+06,109
10,-75005.3,6.6167e+06,109
10,-75005.3,6.61665e+06,109
10,-75005.3,6.6166e+06,109
10,-75005.3,6.61655e+06,109
10,-75005.3,6.6165e+06,109
10,-75005.3,6.61645e+06,109
10,-75005.3,6.6164e+06,109
10,-75005.3,6.61635e+06,109
10,-75005.3,6.6163e+06,109
10,-75005.3,6.61625e+06,109
10,-75005.3,6.6162e+06,109
10,-75005.3,6.61615e+06,109
10,-75005.3,6.6161e+06,109
10,-75005.3,6.61605e+06,109
10,-75005.3,6.616e+06,109
10,-75005.3,6.61595e+06,109
10,-75005.3,6.6159e+06,109
10,-75005.3,6.61585e+06,109
10,-75005.3,6.6158e+06,109
10,-75005.3,6.61575e+06,109
10,-75005.3,6.6157e+06,109
10,-75005.3,6.61565e+06,109
10,-75005.3,6.6156e+06,109
10,-75005.3,6.61555e+06,109
10,-75005.3,6.6155e+06,109
10,-75005.3,6.61545e+06,109
10,-75005.3,6.6154e+06,109
10,-75005.3,6.61535e+06,109
10,-75005.3,6.6153e+06,109
10,-75005.3,6.61525e+06,109
10,-75005.3,6.6152e+06,109
10,-75005.3,6.61515e+06,109
10,-75005.3,6.6151e+06,109
10,-75005.3,6.61505e+06,109
10,-75005.3,6.615e+06,109
10,-75005.3,6.61495e+06,109
10,-75005.3,6.6149e+06,109
10,-75005.3,6.61485e+06,109
10,-75005.3,6.6148e+06,109
10,-75005.3,6.61475e+06,109
10,-75005.3,6.6147e+06,109
10,-75005.3,6.61465e+06,109
10,-75005.3,6.6146e+06,109
10,-75005.3,6.61455e+06,109
10,-75005.3,6.6145e+06,109
10,-75005.3,6.61445e+06,109
10,-75005.3,6.6144e+06,109
10,-75005.3,6.61435e+06,109
10,-75005.3,6.6143e+06,109
10,-75005.3,6.61425e+06,109
10,-75005.3,6.6142e+06,109
10,-75005.3,6.61415e+06,109
10,-75005.3,6.6141e+06,109
10,-75005.3,6.61405e+06,109
10,-75005.3,6.614e+06,109
10,-75005.3,6.61395e+06,109
10,-75005.3,6.6139e+06,109
10,-75005.3,6.61385e+06,109
10,-75005.3,6.6138e+06,109
10,-75005.3,6.61375e+06,109
10,-75005.3,6.6137e+06,109
10,-75005.3,6.61365e+06,109
10,-75005.3,6.6136e+06,109
10,-75005.3,6.61355e+06,109
10,-75005.3,6.6135e+06,109
10,-75005.3,6.61345e+06,109
10,-75005.3,6.6134e+06,109
10,-75005.3,6.61335e+06,109
10,-75005.3,6.6133e+06,109
10,-75005.3,6.61325e+06,109
10,-75005.3,6.6132e+06,109
10,-75005.3,6.61315e+06,109
10,-75005.3,6.6131e+06,109
10,-75005.3,6.61305e+06,109
10,-75005.3,6.613e+06,109
10,-75005.3,6.61295e+06,109
10,-75005.3,6.6129e+06,109
10,-75005.3,6.61285e+06,109
10,-75005.3,6.6128e+06,109
10,-75005.3,6.61275e+06,109
10,-75005.3,6.6127e+06,109
10,-75005.3,6.61265e+06,109
10,-75005.3,6.6126e+06,109
10,-75535.9,6.61988e+06,110
10,-75535.9,6.61993e+06,110
10,-75535.9,6.61998e+06,110
10,-75535.9,6.62003e+06,110
10,-75535.8,6.62008e+06,110
10,-75535.9,6.62013e+06,110
10,-75535.8,6.62018e+06,110
10,-75535.9,6.62023e+06,110
10,-75535.9,6.62028e+06,110
10,-75535.9,6.62033e+06,110
10,-75535.9,6.62038e+06,110
10,-75535.8,6.62043e+06,110
10,-75535.9,6.62048e+06,110
10,-75535.9,6.62053e+06,110
10,-75535.9,6.62058e+06,110
10,-75535.9,6.62063e+06,110
10,-75535.9,6.62068e+06,110
10,-75535.9,6.62073e+06,110
10,-75535.8,6.62078e+06,110
10,-75535.9,6.62083e+06,110
10,-75535.9,6.62088e+06,110
10,-75535.9,6.62093e+06,110
10,-75535.9,6.62098e+06,110
10,-75535.8,6.62103e+06,110
10,-75535.9,6.62108e+06,110
10,-75535.9,6.62113e+06,110
10,-75535.9,6.62118e+06,110
10,-75535.9,6.62123e+06,110
10,-75535.9,6.62128e+06,110
10,-75535.9,6.62133e+06,110
10,-75535.8,6.62138e+06,110
10,-75535.9,6.62143e+06,110
10,-75535.9,6.62148e+06,110
10,-75535.9,6.62153e+06,110
10,-75535.9,6.62158e+06,110
10,-75535.9,6.62163e+06,110
10,-75535.9,6.62168e+06,110
10,-75535.9,6.62173e+06,110
10,-75535.9,6.62178e+06,110
10,-75535.9,6.62183e+06,110
10,-75535.9,6.62188e+06,110
10,-75535.9,6.62193e+06,110
10,-75535.9,6.62198e+06,110
10,-75535.9,6.62203e+06,110
10,-75535.9,6.62208e+06,110
10,-75535.9,6.62213e+06,110
10,-75535.9,6.62218e+06,110
10,-75535.9,6.62223e+06,110
10,-75535.9,6.62228e+06,110
10,-75535.9,6.62233e+06,110
10,-75535.9,6.62238e+06,110
10,-75535.9,6.62243e+06,110
10,-75535.9,6.62248e+06,110
10,-75535.9,6.62253e+06,110
10,-75535.9,6.62258e+06,110
10,-75535.9,6.62263e+06,110
10,-75535.9,6.62268e+06,110
10,-75535.9,6.62273e+06,110
10,-75535.9,6.62278e+06,110
10,-75535.9,6.62283e+06,110
10,-75535.9,6.62288e+06,110
10,-75535.9,6.62293e+06,110
10,-75535.9,6.62298e+06,110
10,-75535.9,6.62303e+06,110
10,-75535.9,6.62308e+06,110
10,-75535.9,6.62313e+06,110
10,-75535.9,6.62318e+06,110
10,-75535.9,6.62323e+06,110
10,-75535.9,6.62328e+06,110
10,-75535.9,6.62333e+06,110
10,-75535.9,6.62338e+06,110
10,-75535.9,6.62343e+06,110
10,-75535.8,6.62348e+06,110
10,-75535.9,6.62353e+06,110
10,-75535.9,6.62358e+06,110
10,-75535.9,6.62363e+06,110
10,-75535.9,6.62368e+06,110
10,-75535.9,6.62373e+06,110
10,-75535.9,6.62378e+06,110
10,-75535.8,6.62383e+06,110
10,-75535.9,6.62388e+06,110
10,-75535.9,6.62393e+06,110
10,-75535.9,6.62398e+06,110
10,-75535.9,6.62403e+06,110
10,-75535.8,6.62408e+06,110
10,-75535.9,6.62413e+06,110
10,-75535.9,6.62418e+06,110
10,-75535.9,6.62423e+06,110
10,-75535.9,6.62428e+06,110
10,-75535.8,6.62433e+06,110
10,-75535.9,6.62438e+06,110
10,-75535.8,6.62443e+06,110
10,-75535.9,6.62448e+06,110
10,-75535.9,6.62453e+06,110
10,-75535.9,6.62458e+06,110
10,-75535.9,6.62463e+06,110
10,-75535.8,6.62468e+06,110
10,-75535.9,6.62473e+06,110
10,-75535.9,6.62478e+06,110
10,-75535.9,6.62483e+06,110
10,-75535.9,6.62488e+06,110
10,-75535.9,6.62493e+06,110
10,-75535.9,6.62498e+06,110
10,-75535.8,6.62503e+06,110
10,-75535.9,6.62508e+06,110
10,-75535.9,6.62513e+06,110
10,-75535.9,6.62518e+06,110
10,-75535.9,6.62523e+06,110
10,-75535.8,6.62528e+06,110
10,-75535.9,6.62533e+06,110
10,-75535.9,6.62538e+06,110
10,-75535.9,6.62543e+06,110
10,-75535.9,6.62548e+06,110
10,-75535.9,6.62553e+06,110
10,-75535.9,6.62558e+06,110
10,-75535.8,6.62563e+06,110
10,-75535.9,6.62568e+06,110
10,-75535.9,6.62573e+06,110
10,-75535.9,6.62578e+06,110
10,-75535.9,6.62583e+06,110
10,-75535.9,6.62588e+06,110
10,-75535.9,6.62593e+06,110
10,-75535.9,6.62598e+06,110
10,-75535.9,6.62603e+06,110
10,-75535.9,6.62608e+06,110
10,-75535.9,6.62613e+06,110
10,-75535.9,6.61313e+06,111
10,-75535.9,6.61318e+06,111
10,-75535.9,6.61323e+06,111
10,-75535.9,6.61328e+06,111
10,-75535.9,6.61333e+06,111
10,-75535.9,6.61338e+06,111
10,-75535.9,6.61343e+06,111
10,-75535.9,6.61348e+06,111
10,-75535.9,6.61353e+06,111
10,-75535.9,6.61358e+06,111
10,-75535.9,6.61363e+06,111
10,-75535.9,6.61368e+06,111
10,-75535.9,6.61373e+06,111
10,-75535.9,6.61378e+06,111
10,-75535.9,6.61383e+06,111
10,-75535.9,6.61388e+06,111
10,-75535.9,6.61393e+06,111
10,-75535.9,6.61398e+06,111
10,-75535.9,6.61403e+06,111
10,-75535.9,6.61408e+06,111
10,-75535.9,6.61413e+06,111
10,-75535.9,6.61418e+06,111
10,-75535.9,6.61423e+06,111
10,-75535.9,6.61428e+06,111
10,-75535.9,6.61433e+06,111
10,-75535.8,6.61438e+06,111
10,-75535.9,6.61443e+06,111
10,-75535.9,6.61448e+06,111
10,-75535.9,6.61453e+06,111
10,-75535.9,6.61458e+06,111
10,-75535.9,6.61463e+06,111
10,-75535.9,6.61468e+06,111
10,-75535.9,6.61473e+06,111
10,-75535.9,6.61478e+06,111
10,-75535.9,6.61483e+06,111
10,-75535.9,6.61488e+06,111
10,-75535.9,6.61493e+06,111
10,-75535.8,6.61498e+06,111
10,-75535.9,6.61503e+06,111
10,-75535.9,6.61508e+06,111
10,-75535.9,6.61513e+06,111
10,-75535.9,6.61518e+06,111
10,-75535.8,6.61523e+06,111
10,-75535.9,6.61528e+06,111
10,-75535.9,6.61533e+06,111
10,-75535.9,6.61538e+06,111
10,-75535.9,6.61543e+06,111
10,-75535.9,6.61548e+06,111
10,-75535.9,6.61553e+06,111
10,-75535.8,6.61558e+06,111
10,-75535.9,6.61563e+06,111
10,-75535.9,6.61568e+06,111
10,-75535.9,6.61573e+06,111
10,-75535.9,6.61578e+06,111
10,-75535.8,6.61583e+06,111
10,-75535.9,6.61588e+06,111
10,-75535.9,6.61593e+06,111
10,-75535.9,6.61598e+06,111
10,-75535.9,6.61603e+06,111
10,-75535.9,6.61608e+06,111
10,-75535.9,6.61613e+06,111
10,-75535.8,6.61618e+06,111
10,-75535.9,6.61623e+06,111
10,-75535.9,6.61628e+06,111
10,-75535.9,6.61633e+06,111
10,-75535.9,6.61638e+06,111
10,-75535.9,6.61643e+06,111
10,-75535.9,6.61648e+06,111
10,-75535.9,6.61653e+06,111
10,-75535.9,6.61658e+06,111
10,-75535.9,6.61663e+06,111
10,-75535.9,6.61668e+06,111
10,-75535.9,6.61673e+06,111
10,-75535.8,6.61678e+06,111
10,-75535.9,6.61683e+06,111
10,-75535.9,6.61688e+06,111
10,-75535.9,6.61693e+06,111
10,-75535.9,6.61698e+06,111
10,-75535.9,6.61703e+06,111
10,-75535.9,6.61708e+06,111
10,-75535.8,6.61713e+06,111
10,-75535.9,6.61718e+06,111
10,-75535.9,6.61723e+06,111
10,-75535.9,6.61728e+06,111
10,-75535.9,6.61733e+06,111
10,-75535.9,6.61738e+06,111
10,-75535.9,6.61743e+06,111
10,-75535.9,6.61748e+06,111
10,-75535.9,6.61753e+06,111
10,-75535.9,6.61758e+06,111
10,-75535.9,6.61763e+06,111
10,-75535.9,6.61768e+06,111
10,-75535.9,6.61773e+06,111
10,-75535.9,6.61778e+06,111
10,-75535.9,6.61783e+06,111
10,-75535.9,6.61788e+06,111
10,-75535.9,6.61793e+06,111
10,-75535.9,6.61798e+06,111
10,-75535.9,6.61803e+06,111
10,-75535.9,6.61808e+06,111
10,-75535.9,6.61813e+06,111
10,-75535.9,6.61818e+06,111
10,-75535.9,6.61823e+06,111
10,-75535.9,6.61828e+06,111
10,-75535.9,6.61833e+06,111
10,-75535.9,6.61838e+06,111
10,-75535.9,6.61843e+06,111
10,-75535.9,6.61848e+06,111
10,-75535.9,6.61853e+06,111
10,-75535.9,6.61858e+06,111
10,-75535.8,6.61863e+06,111
10,-75535.9,6.61868e+06,111
10,-75535.9,6.61873e+06,111
10,-75535.9,6.61878e+06,111
10,-75535.9,6.61883e+06,111
10,-75535.9,6.61888e+06,111
10,-75535.9,6.61893e+06,111
10,-75535.9,6.61898e+06,111
10,-75535.9,6.61903e+06,111
10,-75535.9,6.61908e+06,111
10,-75535.9,6.61913e+06,111
10,-75535.9,6.61918e+06,111
10,-75535.8,6.61923e+06,111
10,-75535.9,6.61928e+06,111
10,-75535.9,6.61933e+06,111
10,-75535.9,6.61938e+06,111
10,-75535.9,6.61943e+06,111
10,-75535.8,6.61948e+06,111
10,-75535.9,6.61953e+06,111
10,-75535.9,6.61958e+06,111
10,-75535.9,6.61963e+06,111
10,-75535.9,6.61968e+06,111
10,-75535.9,6.61973e+06,111
10,-75535.9,6.61978e+06,111
10,-75535.8,6.61983e+06,111
5,-73005.3,6.62045e+06,112
5,-73005.3,6.6204e+06,112
5,-73005.3,6.62035e+06,112
5,-73005.3,6.6203e+06,112
5,-73005.3,6.62025e+06,112
5,-73005.3,6.6202e+06,112
5,-73005.3,6.62015e+06,112
5,-73005.3,6.6201e+06,112
5,-73005.3,6.62005e+06,112
5,-73005.3,6.62e+06,112
5,-73005.3,6.61995e+06,112
5,-73005.3,6.6199e+06,112
5,-73005.3,6.61985e+06,112
5,-73005.3,6.6198e+06,112
5,-73005.3,6.61975e+06,112
5,-73005.3,6.6197e+06,112
5,-73005.3,6.61965e+06,112
5,-73005.3,6.6196e+06,112
5,-73005.3,6.61955e+06,112
5,-73005.3,6.6195e+06,112
5,-73005.3,6.61945e+06,112
5,-73005.3,6.6194e+06,112
5,-73005.3,6.61935e+06,112
5,-73005.3,6.6193e+06,112
5,-73005.3,6.61925e+06,112
5,-73005.3,6.6192e+06,112
5,-73005.3,6.61915e+06,112
5,-73005.3,6.6191e+06,112
5,-73005.3,6.61905e+06,112
5,-73005.3,6.619e+06,112
5,-73005.3,6.61895e+06,112
5,-73005.3,6.6189e+06,112
5,-73005.3,6.61885e+06,112
5,-73005.3,6.6188e+06,112
5,-73005.3,6.61875e+06,112
5,-73005.3,6.6187e+06,112
5,-73005.3,6.61865e+06,112
5,-73005.3,6.6186e+06,112
5,-73005.3,6.61855e+06,112
5,-73005.3,6.6185e+06,112
5,-73005.3,6.61845e+06,112
5,-73005.3,6.6184e+06,112
5,-73005.3,6.61835e+06,112
5,-73005.3,6.6183e+06,112
5,-73005.3,6.61825e+06,112
5,-73005.3,6.6182e+06,112
5,-73005.3,6.61815e+06,112
5,-73005.3,6.6181e+06,112
5,-73005.3,6.61805e+06,112
5,-73005.3,6.618e+06,112
5,-73005.3,6.61795e+06,112
5,-73005.3,6.6179e+06,112
5,-73005.3,6.61785e+06,112
5,-73005.3,6.6178e+06,112
5,-73005.3,6.61775e+06,112
5,-73005.3,6.6177e+06,112
5,-73005.3,6.61765e+06,112
5,-73005.3,6.6176e+06,112
5,-73005.3,6.61755e+06,112
5,-73005.3,6.6175e+06,112
5,-73005.3,6.61745e+06,112
5,-73005.3,6.6174e+06,112
5,-73005.3,6.61735e+06,112
5,-73005.3,6.6173e+06,112
5,-73005.3,6.61725e+06,112
5,-73005.3,6.6172e+06,112
5,-73005.3,6.61715e+06,112
5,-73005.3,6.6171e+06,112
5,-73005.3,6.61705e+06,112
5,-73005.3,6.617e+06,112
5,-73005.3,6.61695e+06,112
5,-73005.3,6.6169e+06,112
5,-73005.3,6.61685e+06,112
5,-73005.3,6.6168e+06,112
5,-73005.3,6.61675e+06,112
5,-73005.3,6.6167e+06,112
5,-73005.3,6.61665e+06,112
5,-73005.3,6.6166e+06,112
5,-73005.3,6.61655e+06,112
5,-73005.4,6.6165e+06,112
5,-73005.3,6.61645e+06,112
5,-73005.3,6.6164e+06,112
5,-73005.3,6.61635e+06,112
5,-73005.3,6.6163e+06,112
5,-73005.3,6.61625e+06,112
5,-73005.3,6.6162e+06,112
5,-73005.3,6.61615e+06,112
5,-73005.3,6.6161e+06,112
5,-73005.3,6.61605e+06,112
5,-73005.3,6.616e+06,112
5,-73005.3,6.61595e+06,112
5,-73005.3,6.6159e+06,112
5,-73005.3,6.61585e+06,112
5,-73005.3,6.6158e+06,112
5,-73005.4,6.61575e+06,112
5,-73005.3,6.6157e+06,112
5,-73005.3,6.61565e+06,112
5,-73005.3,6.6156e+06,112
5,-73005.3,6.61555e+06,112
5,-73005.3,6.6155e+06,112
5,-73005.3,6.61545e+06,112
5,-73005.3,6.6154e+06,112
5,-73005.3,6.61535e+06,112
5,-73005.3,6.6153e+06,112
5,-73005.3,6.61525e+06,112
5,-73005.3,6.6152e+06,112
5,-73005.3,6.61515e+06,112
5,-73005.3,6.6151e+06,112
5,-73005.3,6.61505e+06,112
5,-73005.3,6.615e+06,112
6,-73005.3,6.61495e+06,113
6,-73005.3,6.6149e+06,113
6,-73005.3,6.61485e+06,113
6,-73005.3,6.6148e+06,113
6,-73005.3,6.61475e+06,113
6,-73005.3,6.6147e+06,113
6,-73005.3,6.61465e+06,113
6,-73005.3,6.6146e+06,113
6,-73005.3,6.61455e+06,113
6,-73005.3,6.6145e+06,113
6,-73005.3,6.61445e+06,113
6,-73005.3,6.6144e+06,113
6,-73005.3,6.61435e+06,113
6,-73005.3,6.6143e+06,113
6,-73005.3,6.61425e+06,113
6,-73005.3,6.6142e+06,113
6,-73005.3,6.61415e+06,113
6,-73005.3,6.6141e+06,113
6,-73005.3,6.61405e+06,113
6,-73005.3,6.614e+06,113
6,-73005.3,6.61395e+06,113
6,-73005.3,6.6139e+06,113
6,-73005.3,6.61385e+06,113
6,-73005.3,6.6138e+06,113
6,-73005.3,6.61375e+06,113
6,-73005.3,6.6137e+06,113
6,-73005.3,6.61365e+06,113
6,-73005.3,6.6136e+06,113
6,-73005.3,6.61355e+06,113
6,-73005.3,6.6135e+06,113
6,-73005.3,6.61345e+06,113
6,-73005.3,6.6134e+06,113
6,-73005.3,6.61335e+06,113
6,-73005.3,6.6133e+06,113
6,-73005.3,6.61325e+06,113
6,-73005.3,6.6132e+06,113
6,-73005.3,6.61315e+06,113
6,-73005.3,6.6131e+06,113
6,-73005.3,6.61305e+06,113
6,-73005.3,6.613e+06,113
6,-73005.3,6.61295e+06,113
6,-73005.3,6.6129e+06,113
6,-73005.3,6.61285e+06,113
6,-73005.3,6.6128e+06,113
6,-73005.3,6.61275e+06,113
6,-73005.3,6.6127e+06,113
6,-73005.3,6.61265e+06,113
6,-73005.3,6.6126e+06,113
6,-73005.3,6.61255e+06,113
6,-73005.3,6.6125e+06,113
6,-73005.3,6.61245e+06,113
6,-73005.3,6.6124e+06,113
6,-73005.3,6.61235e+06,113
6,-73005.3,6.6123e+06,113
6,-73005.3,6.61225e+06,113
6,-73005.3,6.6122e+06,113
6,-73005.3,6.61215e+06,113
6,-73005.3,6.6121e+06,113
6,-73005.3,6.61205e+06,113
6,-73005.3,6.612e+06,113
6,-73005.3,6.61195e+06,113
6,-73005.3,6.6119e+06,113
6,-73005.3,6.61185e+06,113
6,-73005.3,6.6118e+06,113
6,-73005.3,6.61175e+06,113
6,-73005.3,6.6117e+06,113
6,-73005.3,6.61165e+06,113
6,-73005.3,6.6116e+06,113
6,-73005.3,6.61155e+06,113
6,-73005.3,6.6115e+06,113
6,-73005.3,6.61145e+06,113
6,-73005.3,6.6114e+06,113
6,-73005.3,6.61135e+06,113
6,-73005.3,6.6113e+06,113
6,-73005.3,6.61125e+06,113
6,-73005.3,6.6112e+06,113
6,-73005.3,6.61115e+06,113
6,-73005.3,6.6111e+06,113
6,-73005.3,6.61105e+06,113
6,-73005.3,6.611e+06,113
6,-73005.3,6.61095e+06,113
6,-73005.3,6.6109e+06,113
6,-73005.3,6.61085e+06,113
6,-73005.3,6.6108e+06,113
6,-73005.3,6.61075e+06,113
6,-73005.3,6.6107e+06,113
6,-73005.3,6.61065e+06,113
6,-73005.4,6.6106e+06,113
6,-73005.3,6.61055e+06,113
6,-73005.3,6.6105e+06,113
6,-73005.3,6.61045e+06,113
6,-73005.3,6.6104e+06,113
6,-73005.3,6.61035e+06,113
6,-73005.3,6.6103e+06,113
6,-73005.3,6.61025e+06,113
6,-73005.3,6.6102e+06,113
6,-73005.3,6.61015e+06,113
2,-71005.4,6.61665e+06,114
2,-71005.3,6.6166e+06,114
2,-71005.4,6.61655e+06,114
2,-71005.3,6.6165e+06,114
2,-71005.4,6.61645e+06,114
2,-71005.3,6.6164e+06,114
2,-71005.4,6.61635e+06,114
2,-71005.3,6.6163e+06,114
2,-71005.3,6.61625e+06,114
2,-71005.3,6.6162e+06,114
2,-71005.3,6.61615e+06,114
2,-71005.3,6.6161e+06,114
2,-71005.3,6.61605e+06,114
2,-71005.3,6.616e+06,114
2,-71005.3,6.61595e+06,114
2,-71005.4,6.6159e+06,114
2,-71005.3,6.61585e+06,114
2,-71005.4,6.6158e+06,114
2,-71005.3,6.61575e+06,114
2,-71005.4,6.6157e+06,114
2,-71005.3,6.61565e+06,114
2,-71005.4,6.6156e+06,114
2,-71005.3,6.61555e+06,114
2,-71005.3,6.6155e+06,114
2,-71005.3,6.61545e+06,114
2,-71005.3,6.6154e+06,114
2,-71005.3,6.61535e+06,114
2,-71005.3,6.6153e+06,114
2,-71005.3,6.61525e+06,114
2,-71005.3,6.6152e+06,114
2,-71005.4,6.61515e+06,114
2,-71005.3,6.6151e+06,114
2,-71005.4,6.61505e+06,114
2,-71005.3,6.615e+06,114
2,-71005.4,6.61495e+06,114
2,-71005.3,6.6149e+06,114
2,-71005.4,6.61485e+06,114
2,-71005.3,6.6148e+06,114
2,-71005.3,6.61475e+06,114
2,-71005.3,6.6147e+06,114
2,-71005.3,6.61465e+06,114
2,-71005.3,6.6146e+06,114
2,-71005.3,6.61455e+06,114
2,-71005.4,6.6145e+06,114
2,-71005.3,6.61445e+06,114
2,-71005.4,6.6144e+06,114
2,-71005.3,6.61435e+06,114
2,-71005.4,6.6143e+06,114
2,-71005.3,6.61425e+06,114
2,-71005.4,6.6142e+06,114
2,-71005.3,6.61415e+06,114
2,-71005.4,6.6141e+06,114
2,-71005.3,6.61405e+06,114
2,-71005.3,6.614e+06,114
2,-71005.3,6.61395e+06,114
2,-71005.3,6.6139e+06,114
2,-71005.3,6.61385e+06,114
2,-71005.3,6.6138e+06,114
2,-71005.4,6.61375e+06,114
2,-71005.3,6.6137e+06,114
2,-71005.4,6.61365e+06,114
2,-71005.3,6.6136e+06,114
2,-71005.4,6.61355e+06,114
2,-71005.3,6.6135e+06,114
2,-71005.4,6.61345e+06,114
2,-71005.3,6.6134e+06,114
2,-71005.4,6.61335e+06,114
2,-71005.3,6.6133e+06,114
2,-71005.3,6.61325e+06,114
2,-71005.3,6.6132e+06,114
2,-71005.3,6.61315e+06,114
2,-71005.3,6.6131e+06,114
2,-71005.3,6.61305e+06,114
2,-71005.4,6.613e+06,114
2,-71005.3,6.61295e+06,114
2,-71005.4,6.6129e+06,114
2,-71005.3,6.61285e+06,114
2,-71005.4,6.6128e+06,114
2,-71005.3,6.61275e+06,114
2,-71005.4,6.6127e+06,114
2,-71005.3,6.61265e+06,114
2,-71005.4,6.6126e+06,114
2,-71005.3,6.61255e+06,114
2,-71005.3,6.6125e+06,114
2,-71005.3,6.61245e+06,114
2,-71005.3,6.6124e+06,114
2,-71005.3,6.61235e+06,114
2,-71005.3,6.6123e+06,114
2,-71005.4,6.61225e+06,114
2,-71005.3,6.6122e+06,114
2,-71005.4,6.61215e+06,114
2,-71005.3,6.6121e+06,114
2,-71005.4,6.61205e+06,114
2,-71005.3,6.612e+06,114
2,-71005.4,6.61195e+06,114
2,-71005.3,6.6119e+06,114
2,-71005.4,6.61185e+06,114
2,-71005.3,6.6118e+06,114
2,-71005.3,6.61175e+06,114
2,-71005.3,6.6117e+06,114
2,-71005.3,6.61165e+06,114
2,-71005.3,6.6116e+06,114
2,-71005.3,6.61155e+06,114
2,-71005.4,6.6115e+06,114
2,-71005.3,6.61145e+06,114
2,-71005.4,6.6114e+06,114
2,-71005.3,6.61135e+06,114
2,-71005.4,6.6113e+06,114
2,-71005.3,6.61125e+06,114
2,-71005.4,6.6112e+06,114
2,-71005.3,6.61115e+06,114
2,-71005.3,6.6111e+06,114
2,-71005.3,6.61105e+06,114
2,-71005.3,6.611e+06,114
2,-71005.3,6.61095e+06,114
2,-71005.3,6.6109e+06,114
2,-71005.3,6.61085e+06,114
2,-71005.3,6.6108e+06,114
2,-71005.4,6.61075e+06,114
2,-71005.3,6.6107e+06,114
2,-71005.4,6.61065e+06,114
2,-71005.3,6.6106e+06,114
2,-71005.4,6.61055e+06,114
2,-71005.3,6.6105e+06,114
2,-71005.4,6.61045e+06,114
2,-71005.3,6.6104e+06,114
2,-71005.3,6.61035e+06,114
2,-71005.3,6.6103e+06,114
2,-71005.3,6.61025e+06,114
2,-71005.3,6.6102e+06,114
2,-71005.3,6.61015e+06,114
2,-71005.3,6.6101e+06,114
2,-71005.3,6.61005e+06,114
2,-71005.4,6.61e+06,114
2,-71005.3,6.60995e+06,114
2,-71005.4,6.6099e+06,114
2,-71005.3,6.60985e+06,114
2,-71005.4,6.6098e+06,114
2,-71005.3,6.60975e+06,114
2,-71005.4,6.6097e+06,114
2,-71005.3,6.60965e+06,114
2,-71005.3,6.6096e+06,114
2,-71005.3,6.60955e+06,114
2,-71005.3,6.6095e+06,114
2,-71005.3,6.60945e+06,114
2,-71005.3,6.6094e+06,114
2,-71005.3,6.60935e+06,114
2,-71005.3,6.6093e+06,114
2,-71005.4,6.60925e+06,114
2,-71005.3,6.6092e+06,114
2,-71005.4,6.60915e+06,114
2,-71005.3,6.6091e+06,114
2,-71005.4,6.60905e+06,114
2,-71005.3,6.609e+06,114
2,-71005.4,6.60895e+06,114
2,-71005.3,6.6089e+06,114
2,-71005.3,6.60885e+06,114
2,-71005.3,6.6088e+06,114
2,-71005.3,6.60875e+06,114
2,-71005.3,6.6087e+06,114
2,-71005.3,6.60865e+06,114
2,-71005.4,6.6086e+06,114
2,-71005.3,6.60855e+06,114
2,-71005.4,6.6085e+06,114
2,-71005.3,6.60845e+06,114
2,-71005.4,6.6084e+06,114
2,-71005.3,6.60835e+06,114
2,-71005.4,6.6083e+06,114
2,-71005.3,6.60825e+06,114
2,-71005.4,6.6082e+06,114
2,-71005.3,6.60815e+06,114
2,-71005.3,6.6081e+06,114
2,-71005.3,6.60805e+06,114
2,-71005.3,6.608e+06,114
2,-71005.3,6.60795e+06,114
2,-71005.3,6.6079e+06,114
2,-71005.4,6.60785e+06,114
2,-71005.3,6.6078e+06,114
2,-71005.4,6.60775e+06,114
